MC1ID,Paid Orders Exists,Free Orders Exists,Visits,New Visitors Exists,Return Visitors Exists,Enter from Office.com,Enter from Store,Enter from O365 Web,Traffic Channel O&O,Traffic Channel Direct,Traffic Channel Organic Search,Traffic Channel Paid Search,Time Spent per Visit (seconds),Average Time Spent on Page (seconds),Link Clicks,Link Clicks on tab-OverviewTab,Link Clicks on tab-TechSpecsTab,Link Clicks on tab-ReviewsTab,Link Clicks on tab-FAQTab,Link Clicks on AddToCartButton,Link Clicks on Try Link,RPV
77d20fbd617eba42a48d01822684da62,1,0,2,0,1,0,0,0,0,2,0,0,333,7.5,86,0,0,0,0,0,0,99.99
dd23dfffa72e41de888cb7df3990b1d2,1,0,1,1,0,1,0,0,1,0,0,0,370,,31,0,0,0,0,0,0,9.99
23676d54473c4bf5b8844b02cc5971a5,1,0,1,1,0,1,0,0,0,1,0,0,1440,72,56,0,0,0,0,0,0,55
efe1dd5a57f94ec585bca628a00dc1e5,1,0,1,1,0,1,0,0,0,1,0,0,242,,42,0,0,0,0,0,0,149.99
6f018a3ff7e7486abb340d09d37385a9,1,0,1,1,0,1,0,0,0,1,0,0,,,1,0,0,0,0,0,0,6.99
1820d4fa82034ce7ba215ab9bc03b972,1,0,1,1,0,1,0,0,0,0,1,0,3630,15,50,0,0,0,0,1,0,9.99
4fc7e9c2aa9b42e9a142ed6ef2143ef9,1,0,1,1,0,1,0,0,0,0,1,0,1369,26,105,0,0,0,0,1,0,99.99
c4ef2d23d53a406686a45417cd42743a,1,0,1,1,0,1,0,0,0,0,1,0,756,11,48,0,0,0,0,0,0,99
218dd64740f84a398e907cf2f7c63f38,1,0,1,1,0,1,0,0,0,0,1,0,739,,37,0,0,0,0,0,0,99.99
e1d13121527f4d48be741ed58c631959,1,0,1,1,0,1,0,0,0,0,1,0,427,,39,0,0,0,0,0,0,9.99
e7a846dfdbbb4ad6add983af7a4ede2c,1,0,1,1,0,1,0,0,0,0,1,0,397,,22,0,0,0,0,0,0,9.99
be605b26b27e40379e7b6145916450e9,1,0,1,1,0,1,0,0,0,0,1,0,366,,22,0,0,0,0,0,0,8.25
be1437d2abbf4d81b3c9dcdaa69bcec4,1,0,1,1,0,1,0,0,0,0,1,0,272,,50,0,0,0,0,0,0,6.99
e1dc413f5bba4f69a1ef728766222989,1,0,1,1,0,1,0,0,0,0,1,0,225,5.666666667,67,0,0,0,0,1,0,99.99
374d508983384951afc88c25291c5c04,1,0,1,1,0,1,0,0,0,0,1,0,184,5,39,0,0,0,0,0,0,99.99
99c7b457a12c4f51924f39212fe5bc9d,1,0,1,1,0,1,0,0,0,0,1,0,141,,10,0,0,0,0,0,0,9.99
c8c2d3194443483b8237ba3b5a98c61d,1,0,1,1,0,1,0,0,0,0,1,0,1,,3,0,0,0,0,0,0,9.99
e039dac17fcc4143a3e3dadfa792bdc7,1,0,1,1,0,1,0,0,0,0,1,0,,,31,0,0,0,0,0,0,99.99
f7b26641fd3b417cb4ffcb4b8a2bf1e2,1,0,1,1,0,0,1,0,1,0,0,0,3557,,78,0,0,0,0,3,0,29.98
76f06bc792b170448c3d3a1842457f37,1,0,1,1,0,0,1,0,1,0,0,0,1706,,23,0,0,0,0,0,0,69.99
108a8d2767764a02b956c3a28ee15c42,1,0,1,1,0,0,1,0,1,0,0,0,1210,23.16666667,54,0,0,0,0,0,0,69.99
06e19a303e1c435ea808f1b49037632c,1,0,1,1,0,0,1,0,1,0,0,0,1184,1106,14,0,0,0,0,0,0,69.99
5a0ea36fed094182baa507d3d3cad448,1,0,1,1,0,0,1,0,1,0,0,0,1126,,68,0,0,0,0,2,0,14.99
ca56ab8d1359449298f07b2b274c8b4e,1,0,1,1,0,0,1,0,1,0,0,0,1011,,21,0,0,0,0,0,0,84.98
eef92dd6a2ad480f95134eaaf439f74e,1,0,1,1,0,0,1,0,1,0,0,0,964,,67,0,0,0,0,1,0,14.99
8a9a0aef9ca842a8b940d56f4b68d803,1,0,1,1,0,0,1,0,1,0,0,0,798,8,185,0,0,3,0,0,0,129.99
0df048b31a0746d585695d5429e49dcc,1,0,1,1,0,0,1,0,1,0,0,0,585,,25,0,0,0,0,0,0,99.99
a550257bfc064394b735e7ba98071511,1,0,1,1,0,0,1,0,1,0,0,0,544,229,31,0,0,0,0,2,0,99.99
703f0ac08a364a85a252e7e091b6fe9e,1,0,1,1,0,0,1,0,1,0,0,0,485,41,32,0,1,0,0,2,0,14.99
49af6db4d87c45419af4a092b4461c88,1,0,1,1,0,0,1,0,1,0,0,0,442,,28,0,0,0,0,0,0,6.99
9eea13d0f6b8483c9396e5c911f12e25,1,0,1,1,0,0,1,0,1,0,0,0,374,77,23,0,0,0,0,0,0,14.99
7bf9ab13b78146f1b602f249e5bedd6f,1,0,1,1,0,0,1,0,1,0,0,0,312,,27,0,0,0,0,0,0,149.99
0a79dd234ec04850822a069ac357315f,1,0,1,1,0,0,1,0,1,0,0,0,289,,24,0,0,0,0,0,0,14.99
cafad26da9714d50a8e1d06f3bc37782,1,0,1,1,0,0,1,0,1,0,0,0,264,,19,0,0,0,0,0,0,48.99
1cade260e990422cab72afd6d3baa65c,1,0,1,1,0,0,1,0,1,0,0,0,205,111,58,0,0,0,0,2,0,99.99
1cca7d16fb2d41b29115aa1614349ad2,1,0,1,1,0,0,1,0,1,0,0,0,175,,30,0,0,0,0,0,0,99.99
1b11326fe75b4b07b646fd24c68a6939,1,0,1,1,0,0,1,0,1,0,0,0,154,,14,0,0,0,0,0,0,9.99
e4282f255a6547eabe64e3da3205cbdf,1,0,1,1,0,0,1,0,1,0,0,0,128,,9,0,0,0,0,0,0,69.99
f9680456ce92410d91568aa29e8eaa66,1,0,1,1,0,0,1,0,1,0,0,0,117,15,22,0,0,0,0,1,0,99.99
16e0b01a4d364a2487501e251ed699a9,1,0,1,1,0,0,1,0,1,0,0,0,96,,4,0,0,0,0,0,0,99.99
76eeffb7e35e465f841689df49d33a90,1,0,1,1,0,0,1,0,1,0,0,0,91,,20,0,0,0,0,0,0,48.99
0c67b8fbbdcb44509720df50abec812c,1,0,1,1,0,0,1,0,1,0,0,0,70,,60,0,0,0,0,0,0,99.99
8df8e217d4bb4ab4a3363b1b93fbb13f,1,0,1,1,0,0,1,0,1,0,0,0,54,,4,0,0,0,0,0,0,26.31
22ff05885ffa4157a7759e3ccd747919,1,0,1,1,0,0,1,0,1,0,0,0,33,2,5,0,0,0,0,0,0,99.99
ba5e8670813b4c0e894adb72d74118bc,1,0,1,1,0,0,1,0,1,0,0,0,30,,5,0,0,0,0,0,0,149.99
735c968c9b664565957d63fd781cc822,1,0,1,1,0,0,1,0,1,0,0,0,23,,7,0,0,0,0,0,0,99.99
ef85b8cff52f4e3e920978f5d251d801,1,0,1,1,0,0,1,0,1,0,0,0,,,7,0,0,0,0,0,0,99.99
ab5d4c73b1a94fd0be02f0dafa59f042,1,0,1,1,0,0,1,0,1,0,0,0,,,1,0,0,0,0,0,0,14.99
ab8a61e364664d4b8d933562c471ed36,1,0,1,1,0,0,1,0,0,1,0,0,1522,12.33333333,82,0,0,0,0,1,0,14.99
49cc3aae6dc1412fadf2ffb9f6389cb9,1,0,1,1,0,0,1,0,0,1,0,0,896,12.8,41,0,0,0,0,0,0,99
5185a870a82d4076a003c9bd2be09da4,1,0,1,1,0,0,1,0,0,1,0,0,808,566,28,0,0,0,0,0,0,99.99
92e6e7eeea044d09a3b467546cebd36a,1,0,1,1,0,0,1,0,0,1,0,0,501,21,97,0,0,0,0,0,0,99.99
a8b9aefab24444c3909641a2819114a8,1,0,1,1,0,0,1,0,0,1,0,0,501,,55,0,0,0,0,2,0,14.99
942fdf3fcfcc4f46882a2494263801d8,1,0,1,1,0,0,1,0,0,1,0,0,327,,32,0,0,0,0,0,0,99.99
461d1df0c6bb4f53993e66e4e1d9914c,1,0,1,1,0,0,1,0,0,1,0,0,311,5.75,25,0,0,0,0,1,0,99.99
86dd9b5b6dfc43f7b06b4025979c7294,1,0,1,1,0,0,1,0,0,1,0,0,309,,42,0,0,0,0,0,0,99.99
7b2e14348fa44cdb84400b237b7ec331,1,0,1,1,0,0,1,0,0,1,0,0,204,,18,0,0,0,0,0,0,249.99
29cd5065b92546e5b997200ac33864c9,1,0,1,1,0,0,1,0,0,1,0,0,166,,31,0,0,0,0,0,0,6.99
8ca21e399425468387c4ab4fcc7d6402,1,0,1,1,0,0,1,0,0,1,0,0,89,,24,0,0,0,0,0,0,14.99
77c27953c857477097044045a97d51ce,1,0,1,1,0,0,1,0,0,1,0,0,23,,10,0,0,0,0,0,0,69.99
309cc98461a740dfa4d954c2f6134f31,1,0,1,1,0,0,1,0,0,1,0,0,19,,5,0,0,0,0,0,0,14.99
19635bb49e4740b0ba35ea4939bb5452,1,0,1,1,0,0,1,0,0,0,1,0,787,16,42,0,0,0,0,0,0,8.25
13eadae69d1a468aa12be97a84ed67cf,1,0,1,1,0,0,1,0,0,0,1,0,459,,31,0,0,0,0,0,0,6.99
77ce90d7cd2e44e99d3419cd8006dc97,1,0,1,1,0,0,1,0,0,0,1,0,373,30,30,0,0,0,0,1,0,99.99
5af488c875a24b70b4c39fef40d87d8d,1,0,1,1,0,0,1,0,0,0,1,0,214,12,15,0,0,0,0,0,0,9.99
2df089db5346468d8bc61d6e76ace436,1,0,1,1,0,0,1,0,0,0,1,0,142,,18,0,0,0,0,0,0,99.99
7de21ade5c9343b2bf69c2bbb452f3d2,1,0,1,1,0,0,1,0,0,0,1,0,66,,12,0,0,0,0,0,0,69.99
3e8af28fa7f3417bb7d08c4cd5870656,1,0,1,1,0,0,1,0,0,0,1,0,66,,4,0,0,0,0,0,0,6.99
7984018e26cb494c9beb2fac729324d4,1,0,1,1,0,0,1,0,0,0,1,0,44,,5,0,0,0,0,0,0,99
155eab8878ec4e0ea7638a85da01866e,1,0,1,1,0,0,1,0,0,0,1,0,1,,1,0,0,0,0,0,0,9.99
b1bec2b418364dc482932e5cb8981f67,1,0,1,1,0,0,1,0,0,0,0,1,3312,,96,0,0,0,0,0,1,9.99
107ff49b60b64fd38270a097127fbf7d,1,0,1,1,0,0,1,0,0,0,0,1,2349,,19,0,0,0,0,0,0,69.99
305de84f020444e99056f566cf4f53dd,1,0,1,1,0,0,1,0,0,0,0,1,1368,,14,0,0,0,0,0,0,6.99
09e492e9309b4855ad38a76237322b76,1,0,1,1,0,0,1,0,0,0,0,1,1362,17,47,0,0,0,0,1,0,99.99
e1ffdc8401e94ccf84d1f673b1f78bfb,1,0,1,1,0,0,1,0,0,0,0,1,827,,69,0,0,0,0,0,0,6.99
6673915b622e479ca11ba7376a43e2e3,1,0,1,1,0,0,1,0,0,0,0,1,791,,80,0,0,0,0,0,0,6.99
010dd8376292450eb891b10d3fc0b57a,1,0,1,1,0,0,1,0,0,0,0,1,674,,27,0,0,0,0,1,0,149.99
f600b3c2de5a42c7ab750d6e3377164f,1,0,1,1,0,0,1,0,0,0,0,1,658,,17,0,0,0,0,0,0,99.99
f0f8c26601c1469ebcfe2fd1a17ea84d,1,0,1,1,0,0,1,0,0,0,0,1,618,35,41,0,0,0,0,2,0,69.99
fff6e79b5da84e75997241abfad92287,1,0,1,1,0,0,1,0,0,0,0,1,589,36.66666667,70,0,0,0,0,0,0,8.25
8811b6872a404ad9979d37aa75777084,1,0,1,1,0,0,1,0,0,0,0,1,430,43,28,0,0,0,0,0,0,9.99
3b26ded2f80b43ac9fe107180c42f2e0,1,0,1,1,0,0,1,0,0,0,0,1,283,,23,0,0,0,0,0,0,99.99
61ac337b18c7495ebf355d32aa8114a4,1,0,1,1,0,0,1,0,0,0,0,1,282,,28,0,0,0,0,0,0,9.99
17c4d5701b074f1e964c572b3fd5a1b2,1,0,1,1,0,0,1,0,0,0,0,1,255,3,81,0,0,0,0,0,0,9.99
571d256435454dbe9cd36ef5074a8530,1,0,1,1,0,0,1,0,0,0,0,1,219,,9,0,0,0,0,0,0,149.99
37ad666d9cd0422db8e052dc0cd23303,1,0,1,1,0,0,1,0,0,0,0,1,217,,23,0,0,0,0,0,0,6.99
d98a9132867f4d7ca6b11729883d894f,1,0,1,1,0,0,1,0,0,0,0,1,208,7,29,0,0,0,0,0,1,9.99
8516add47d7148938b6831ac0968bb8a,1,0,1,1,0,0,1,0,0,0,0,1,201,60,7,0,0,0,0,0,0,99.99
aca26df4297647229ee45ad287af38a0,1,0,1,1,0,0,1,0,0,0,0,1,195,,25,0,0,0,0,0,0,6.99
a0a99ebcb31049bf83fc126bf16d46bb,1,0,1,1,0,0,1,0,0,0,0,1,165,2,31,0,0,0,0,0,0,99.99
74c3549779d34013a045bffcb0501889,1,0,1,1,0,0,1,0,0,0,0,1,155,,20,0,0,0,0,0,0,99.99
ee3f5e10652e452ebd3572199a6e8127,1,0,1,1,0,0,1,0,0,0,0,1,150,,27,0,0,0,0,0,0,9.99
99750d2cff7a4309aa15176a720a7e25,1,0,1,1,0,0,1,0,0,0,0,1,117,,8,0,0,0,0,0,0,99.99
1f0b4895644b4f99b667a322feebad9d,1,0,1,1,0,0,1,0,0,0,0,1,115,,25,0,0,0,0,0,0,9.99
79e1d540b30e4d9ea289775252b9e385,1,0,1,1,0,0,1,0,0,0,0,1,107,,17,0,0,0,0,0,0,9.99
1cbfd2fff27a45489dcbd0fa843346d2,1,0,1,1,0,0,1,0,0,0,0,1,99,2,23,0,0,0,0,0,0,9.99
8f5855f849604bd6b27d13ce36c46f43,1,0,1,1,0,0,1,0,0,0,0,1,85,,13,0,0,0,0,0,0,6.99
34f312c5db91487f83029dc52cc0fcbe,1,0,1,1,0,0,1,0,0,0,0,1,84,,18,0,0,0,0,0,0,9.99
cfc308c33b164b65aa06f113e7160a87,1,0,1,1,0,0,1,0,0,0,0,1,77,,11,0,0,0,0,0,0,69.99
0191e9aa6bd048c5bc2013ccaf872174,1,0,1,1,0,0,1,0,0,0,0,1,76,,7,0,0,0,0,0,0,6.99
5f53710be4014b56aea3fd06e241ec91,1,0,1,1,0,0,1,0,0,0,0,1,59,,8,0,0,0,0,0,0,149.99
7264586dc922400c83ae24d47bab5b7e,1,0,1,1,0,0,1,0,0,0,0,1,58,,35,0,0,0,0,0,0,149.99
20200ed254144f838e642ed47451201c,1,0,1,1,0,0,1,0,0,0,0,1,50,,13,0,0,0,0,0,0,149.99
ba077aa56d064021a4c80736b863f104,1,0,1,1,0,0,1,0,0,0,0,1,50,,4,0,0,0,0,0,0,69.99
b605ad6f591b4468876f2c1922d768e5,1,0,1,1,0,0,1,0,0,0,0,1,44,,9,0,0,0,0,0,0,6.99
39054e10613c476f893c0c5950120f5e,1,0,1,1,0,0,1,0,0,0,0,1,42,,6,0,0,0,0,0,0,6.99
63834b3d4307456e88b033b3200613ad,1,0,1,1,0,0,1,0,0,0,0,1,27,,14,0,0,0,0,0,0,9.99
7e60fff4e5aa416d883056d89839e237,1,0,1,1,0,0,1,0,0,0,0,1,22,1,6,0,0,0,0,0,0,129.99
1822e0efc10240e2a661213828221f48,1,0,1,1,0,0,1,0,0,0,0,1,,,19,0,0,0,0,0,0,99.99
b1a317ef25fe49318312eb388a8014a9,1,0,1,1,0,0,1,0,0,0,0,1,,,2,0,0,0,0,0,0,9.99
95dde6ae6ca849f189143287910b9cc2,1,0,1,1,0,0,1,0,0,0,0,0,2468,1153,76,0,0,0,0,0,0,9.99
c76f2d69630e4e1db5467a1b0c118d06,1,0,1,1,0,0,1,0,0,0,0,0,297,,48,0,0,0,0,1,0,14.99
a88dd8e262834a728d7f30f4835c568b,1,0,1,1,0,0,0,1,1,0,0,0,2778,88,32,0,0,0,1,2,0,44.97
8b2e753002934f5cb7d07849f30acff8,1,0,1,1,0,0,0,1,1,0,0,0,1898,,64,0,0,0,0,0,0,9.99
860d89984b004786af9bd1f0aadb46e2,1,0,1,1,0,0,0,1,1,0,0,0,1846,,22,0,0,0,0,0,0,6.99
e4a49d483dfd432bae24b6152f3dcf36,1,0,1,1,0,0,0,1,1,0,0,0,1246,4.5,39,0,0,0,0,2,0,99.99
91cce3b22e7944cbbee2c23cd6800ce8,1,0,1,1,0,0,0,1,1,0,0,0,1199,,54,0,0,0,0,0,0,9.99
0e531f8baaf54271a9d5e0f3f3c8937f,1,0,1,1,0,0,0,1,1,0,0,0,1177,12,59,0,0,0,0,0,0,99.99
94c780964ea64a989c580819e8f8733f,1,0,1,1,0,0,0,1,1,0,0,0,852,,20,0,0,0,0,0,0,69.99
471ea5017f7641b8ad9ad20b21b0054e,1,0,1,1,0,0,0,1,1,0,0,0,626,,54,0,0,0,0,0,0,9.99
aea94dd4fecb94418d2361918380a00d,1,0,1,1,0,0,0,1,1,0,0,0,515,,14,0,0,0,0,0,0,99.99
c4780399791a4475bdd936a126678655,1,0,1,1,0,0,0,1,1,0,0,0,498,16.5,33,0,0,0,0,1,0,99.99
3cdf4f7f64cf4eaba47948b93819138d,1,0,1,1,0,0,0,1,1,0,0,0,484,2,19,0,0,0,0,0,0,6.99
c3997f691a9643a8a8861c84fa4293d1,1,0,1,1,0,0,0,1,1,0,0,0,464,,25,0,0,0,0,0,0,6.99
3a62363a4cfdff438b42e6b26661e836,1,0,1,1,0,0,0,1,1,0,0,0,436,7,84,0,0,0,0,0,1,9.99
eb94a7fb873e451b890e56302fb2ee80,1,0,1,1,0,0,0,1,1,0,0,0,422,38,88,0,0,0,0,3,0,9.99
057778d877054c4bb8fad8538570c8da,1,0,1,1,0,0,0,1,1,0,0,0,418,,76,0,0,0,0,0,0,14.99
48fbdd35c8f2470484954eb956b73e39,1,0,1,1,0,0,0,1,1,0,0,0,397,10.66666667,41,0,0,0,0,0,0,69.99
4368d8198e3d4197aff9cb8610b582ff,1,0,1,1,0,0,0,1,1,0,0,0,368,,55,0,0,0,0,0,0,249.99
44d2bfb242884e629cd0291051c771b7,1,0,1,1,0,0,0,1,1,0,0,0,327,3,52,0,0,0,0,0,0,9.99
b7a4e3599fa84e4da5764061a8ba28ae,1,0,1,1,0,0,0,1,1,0,0,0,223,,23,0,0,0,0,0,0,99.99
971b67616843437e970d71bc697ce319,1,0,1,1,0,0,0,1,1,0,0,0,187,,31,0,0,0,0,0,0,69.99
3bb7c6895f5f439fb8daf3cc7ddfa0bd,1,0,1,1,0,0,0,1,1,0,0,0,184,22,55,0,0,0,0,1,0,99.99
9eb5463af9134e5fbdf8b23a0b2072e1,1,0,1,1,0,0,0,1,1,0,0,0,182,,36,0,1,0,0,1,0,69.99
bb8baefa873141b2ac98eb82ff534202,1,0,1,1,0,0,0,1,1,0,0,0,153,,28,0,0,0,0,1,0,79.99
590562c0e5c846bfaf3de7ca8b771f19,1,0,1,1,0,0,0,1,1,0,0,0,132,,16,0,0,0,0,0,0,149.99
7b1bd5eb9e4a4fcdad119dcfe7a2de2b,1,0,1,1,0,0,0,1,1,0,0,0,97,,32,0,0,0,0,0,0,6.99
7bbfae2c3581433e99009861d5370ac3,1,0,1,1,0,0,0,1,1,0,0,0,52,,15,0,0,0,0,0,0,99.99
d719ae3b2844451292c7324b7898c9f1,1,0,1,1,0,0,0,1,1,0,0,0,51,,11,0,0,0,0,0,0,9.99
fa8269fe4a3c4f6c9a218d088517b4a3,1,0,1,1,0,0,0,1,1,0,0,0,30,,9,0,0,0,0,0,0,149.99
bd190a34e3484e1b89fb1577550b42fe,1,0,1,1,0,0,0,1,1,0,0,0,3,,1,0,0,0,0,0,0,99.99
4cb9b4e8ebc2407688d61c80cd6f6d87,1,0,1,1,0,0,0,1,0,1,0,0,2727,35,126,0,0,0,0,1,0,48.99
a81dcc6bb15e49fd9a0d8c33f12c9304,1,0,1,1,0,0,0,1,0,1,0,0,1881,14,35,0,0,0,0,0,0,9.99
693a83a4a7594368b6e32b895301f577,1,0,1,1,0,0,0,1,0,1,0,0,1478,26,46,0,0,0,0,1,0,99.99
d0016d67ae1b415e9e06555e77e31f3a,1,0,1,1,0,0,0,1,0,1,0,0,1414,50,71,0,0,0,0,1,0,14.99
feed94c683164dd497ff1646f160a82e,1,0,1,1,0,0,0,1,0,1,0,0,1324,,82,0,0,0,0,0,0,149.99
bdaff1ab990e406183331c360db5bf97,1,0,1,1,0,0,0,1,0,1,0,0,874,17,75,0,0,0,0,1,0,9.99
537e03fa2ef24dfe8653aede10cb3254,1,0,1,1,0,0,0,1,0,1,0,0,862,17,61,0,0,0,0,0,0,6.99
68ac820e152245f7bfd9ba3b5ba1533c,1,0,1,1,0,0,0,1,0,1,0,0,821,36,48,0,0,0,0,0,0,149.99
7334ccc44ae2447e8992f89bb04a905d,1,0,1,1,0,0,0,1,0,1,0,0,709,,85,0,0,0,0,3,0,6.99
db0f4d5b837d4ac58b72fc1c1b9edea2,1,0,1,1,0,0,0,1,0,1,0,0,708,,33,0,0,0,0,0,0,69.99
c80d5813d95a48e487c4ecc82aab1216,1,0,1,1,0,0,0,1,0,1,0,0,561,,79,0,0,0,0,0,0,48.99
80a7c7ca50844062814a69d99ef02743,1,0,1,1,0,0,0,1,0,1,0,0,538,,25,0,0,0,0,0,0,69.99
aadab6791a1249ad98ed26f2b1c3178a,1,0,1,1,0,0,0,1,0,1,0,0,533,,57,0,0,0,0,0,0,9.99
a8096d746b6e43afa0bc8dabf35c1175,1,0,1,1,0,0,0,1,0,1,0,0,485,12,43,0,0,0,0,2,0,14.99
e89b19a85ec14bba8e813d8612d53e8b,1,0,1,1,0,0,0,1,0,1,0,0,321,,17,0,0,0,0,0,17,9.99
ee489f50d48d4e68ab26824e9ba7b384,1,0,1,1,0,0,0,1,0,1,0,0,199,,14,0,0,0,0,0,0,9.99
8f6746643d0f442f8630a2ab1ecfbe41,1,0,1,1,0,0,0,1,0,1,0,0,184,,16,0,0,0,0,0,0,69.99
7dab3cf0d9fb48b88feb3037347e6101,1,0,1,1,0,0,0,1,0,1,0,0,159,,19,0,0,0,0,0,0,99.99
30de83bd5f744b7484db755cc8722e4f,1,0,1,1,0,0,0,1,0,1,0,0,148,,34,0,0,0,0,0,0,69.99
46811313ebf34983b563b3c2ea03f6e9,1,0,1,1,0,0,0,1,0,1,0,0,138,,15,0,0,0,0,0,0,14.99
a9c1d7f04c454284b4775f0b35927ec3,1,0,1,1,0,0,0,1,0,1,0,0,85,4,8,0,0,0,0,0,0,9.99
febb18ad3240409daa77e81a03ee28cd,1,0,1,1,0,0,0,1,0,1,0,0,26,,8,0,0,0,0,0,0,69.99
9df065cd0cf5466786904c934f0cd67a,1,0,1,1,0,0,0,1,0,1,0,0,15,,6,0,0,0,0,0,0,14.99
f3982c944aac404f9ba2e9dfabdefd2a,1,0,1,1,0,0,0,1,0,1,0,0,1,,3,0,0,0,0,0,0,9.99
352515f239f74ebebcdce984c9e1df82,1,0,1,1,0,0,0,1,0,1,0,0,,,2,0,0,0,0,0,0,69.99
8de324539ee54ed1a1256f9262ac020e,1,0,1,1,0,0,0,1,0,0,1,0,1329,48,77,0,0,0,0,3,0,368.98
e2a4333528974040aa839f090677d0c4,1,0,1,1,0,0,0,1,0,0,1,0,1035,757,26,0,0,0,0,0,0,99.99
83075547d33040ac863d8df75e5e4113,1,0,1,1,0,0,0,1,0,0,1,0,918,,6,0,0,0,0,0,0,9.99
fadd93cbc2ee40f988eecf21102f0370,1,0,1,1,0,0,0,1,0,0,1,0,699,,21,0,0,0,0,0,0,9.99
8ff521561ded4dc7a6047409ea6bdd82,1,0,1,1,0,0,0,1,0,0,1,0,567,47,20,0,0,0,0,0,0,8.25
d8f660c4f1a9494981fa23269b377b36,1,0,1,1,0,0,0,1,0,0,1,0,426,6,37,0,0,0,0,0,0,6.99
8d33edf3f64149b7b2571c0e8e10ea08,1,0,1,1,0,0,0,1,0,0,1,0,268,,19,0,0,0,0,0,0,99.99
73cd333bc711460b991bb5e974b45bca,1,0,1,1,0,0,0,1,0,0,1,0,1,,5,0,0,0,0,0,0,9.99
10245365faf44216a17665050233e1b3,1,0,1,1,0,0,0,1,0,0,0,1,3972,30,103,0,0,0,0,2,2,9.99
e40297f96a1741a18bc2e82fd77df3ea,1,0,1,1,0,0,0,1,0,0,0,1,1749,,67,0,0,0,0,1,0,288.99
67732a6eb0dc4dab931f4df7585b410a,1,0,1,1,0,0,0,1,0,0,0,1,1707,387,21,0,0,0,0,0,0,9.99
a0fe2f5eabca4db9b7aadb94b82489fd,1,0,1,1,0,0,0,1,0,0,0,1,1083,,49,0,0,0,0,0,0,48.99
a7bc59e379864fcdb6804294260d4187,1,0,1,1,0,0,0,1,0,0,0,1,889,,11,0,0,0,0,0,0,6.99
7998e8a2c61b441092e1a8f42a0dd2ff,1,0,1,1,0,0,0,1,0,0,0,1,616,15,40,0,0,0,0,0,0,69.99
7158bc6cf03a40aa9993586e39c57d56,1,0,1,1,0,0,0,1,0,0,0,1,536,,76,0,0,0,0,0,0,69.99
9b3c2d344680492a868972cf320b2d27,1,0,1,1,0,0,0,1,0,0,0,1,515,,38,0,0,0,0,0,0,249.99
cea1218450664865bbe90c1b9ee4277a,1,0,1,1,0,0,0,1,0,0,0,1,342,,21,0,0,0,0,0,0,99.99
b675396752cc4213a9ea6c42860bbe67,1,0,1,1,0,0,0,1,0,0,0,1,291,3.25,39,0,0,0,0,0,0,149.99
d06547cc97834ce78d7a4a51cc2c0988,1,0,1,1,0,0,0,1,0,0,0,1,226,,19,0,0,0,0,0,0,9.99
04956b5b8be04891ab461c8c6a692cbb,1,0,1,1,0,0,0,1,0,0,0,1,36,,13,0,0,0,0,0,0,99.99
b46115750bb74d718426dcda685f0097,1,0,1,1,0,0,0,1,0,0,0,0,431,,34,0,0,0,0,1,0,14.99
eff3f192db3d4f1e9d2a01a72c58407d,1,0,1,1,0,0,0,0,1,0,0,0,2557,1120,54,0,0,0,0,0,0,69.99
0460c441c0d44d41a47a9697d13a0c19,1,0,1,1,0,0,0,0,1,0,0,0,2411,,84,0,0,0,0,0,0,149.99
a4c437aac6264373a17210c36731d490,1,0,1,1,0,0,0,0,1,0,0,0,2145,,106,0,0,0,0,3,0,149.99
08de2e64b8994f41ac07b44ecebed42a,1,0,1,1,0,0,0,0,1,0,0,0,1862,101,59,0,0,0,0,3,0,9.99
572ba06dd22944438bb6b2038a2ef3a8,1,0,1,1,0,0,0,0,1,0,0,0,1769,22,32,0,0,0,0,1,0,149.99
1eb60b91f00f4f2fbfb66482e34d7028,1,0,1,1,0,0,0,0,1,0,0,0,1756,16,50,0,0,0,0,1,2,9.99
f35972fd8783450eae44eaf3d1c140a5,1,0,1,1,0,0,0,0,1,0,0,0,1451,,18,0,0,0,0,0,0,9.99
2420e118edb94d8ba95ab7a642ec0b22,1,0,1,1,0,0,0,0,1,0,0,0,1138,23,59,0,0,0,0,1,0,99.99
a2054760f6774bd8a0a3f3affaaa9e18,1,0,1,1,0,0,0,0,1,0,0,0,568,,31,0,0,0,0,0,0,16.99
53473874cb49439f84060cb332e8aa6b,1,0,1,1,0,0,0,0,1,0,0,0,456,11,28,0,0,0,0,0,0,9.99
87301dfe56674f56890bbd1bdf1ea90d,1,0,1,1,0,0,0,0,1,0,0,0,336,,40,0,0,0,0,0,0,9.99
cf77892ef7004dc7b2118f2e50d5f385,1,0,1,1,0,0,0,0,1,0,0,0,332,,15,0,0,0,0,0,0,99.99
ea585223418a44c0adab2186d98e4baa,1,0,1,1,0,0,0,0,1,0,0,0,309,60,36,0,0,0,0,1,0,99.99
4bc024428b324a0190a53f65f63db94b,1,0,1,1,0,0,0,0,1,0,0,0,278,124,25,0,0,0,0,0,0,69.99
8a6c53ef8dec4e55b35c01c3c6d607c4,1,0,1,1,0,0,0,0,1,0,0,0,277,,27,0,0,0,0,0,0,99.99
e629e5cb89de44cdab26206feacaeda6,1,0,1,1,0,0,0,0,1,0,0,0,240,,8,0,0,0,0,0,0,6.99
63745fd3835c4df39a73b30d167cff05,1,0,1,1,0,0,0,0,1,0,0,0,222,,47,0,0,0,0,2,0,69.99
fb4b8fa005844bf49cbeac2373e8cff3,1,0,1,1,0,0,0,0,1,0,0,0,209,,14,0,0,0,0,0,0,69.99
8c12cf66f1df450c869113369acaeb97,1,0,1,1,0,0,0,0,1,0,0,0,185,8,31,0,0,0,0,1,0,199.99
83b5895e6db0451cbe54d25746804027,1,0,1,1,0,0,0,0,1,0,0,0,183,,14,0,0,0,0,0,0,199.99
5eba44428a9840a0a7f6e577a25daaa9,1,0,1,1,0,0,0,0,1,0,0,0,179,,23,0,0,0,0,0,0,149.99
b8cb3d86586b4852894ded5c544354f1,1,0,1,1,0,0,0,0,1,0,0,0,122,,39,0,0,0,0,0,0,150
83e5e7f9e7f341b8b54efdc4b27ca0a5,1,0,1,1,0,0,0,0,1,0,0,0,95,,34,0,0,0,0,0,0,199.99
7f8275e6c8c1447da00d2a2ada554d78,1,0,1,1,0,0,0,0,1,0,0,0,38,,14,0,0,0,0,0,0,149.99
c99e6e3825b84c759c460659e9862f80,1,0,1,1,0,0,0,0,1,0,0,0,28,,12,0,0,0,0,0,0,99.99
2c9268bc0f254ea1a2cba434118ab932,1,0,1,1,0,0,0,0,1,0,0,0,17,,15,0,0,0,0,0,0,6.99
b10063828bc343f68d0c7222eaa13e7d,1,0,1,1,0,0,0,0,1,0,0,0,16,,10,0,0,0,0,0,0,6.99
898353cedec144bc98ceaf884207c3af,1,0,1,1,0,0,0,0,1,0,0,0,14,1,11,0,0,0,0,0,0,6.99
b09986927a9342d8b732073e835233d8,1,0,1,1,0,0,0,0,1,0,0,0,6,,6,0,0,0,0,0,0,99.99
9945416e9c454f269a8b90f6509140fc,1,0,1,1,0,0,0,0,0,1,0,0,6263,207,128,0,0,0,0,0,0,0
ecc701ad982b4002a0b0e417bbcab305,1,0,1,1,0,0,0,0,0,1,0,0,2703,43.25,78,0,0,0,0,0,0,99.99
9d08da15931b48babfec577ce01e2ded,1,0,1,1,0,0,0,0,0,1,0,0,1542,5,65,0,0,0,0,1,0,9.99
d832608163ed4e20b8fc813faadc1ee8,1,0,1,1,0,0,0,0,0,1,0,0,892,,122,0,0,0,0,0,0,9.99
48e9969446994a2198fb61a11fe22dce,1,0,1,1,0,0,0,0,0,1,0,0,865,,14,0,0,0,0,0,0,6.99
6ff02a8b15c14a26a20f3d7ae46817b8,1,0,1,1,0,0,0,0,0,1,0,0,794,,42,0,1,1,1,0,0,6.99
3a5fd6f3b2ef47bf827a6fae953d88af,1,0,1,1,0,0,0,0,0,1,0,0,723,16.66666667,17,0,0,0,0,1,0,9.99
00b796776e4d40f49f14f9d8eda4f6f8,1,0,1,1,0,0,0,0,0,1,0,0,601,,21,0,0,0,0,0,0,6.99
7c67695b80df4809abb69aefe8ef5029,1,0,1,1,0,0,0,0,0,1,0,0,592,,20,0,0,0,0,0,0,6.99
504885fc37a84af293c17d5b4685ed33,1,0,1,1,0,0,0,0,0,1,0,0,422,87,43,0,0,0,0,0,0,9.99
a2c201ced672466d9c740c093554903c,1,0,1,1,0,0,0,0,0,1,0,0,396,,9,0,0,0,0,0,0,69.99
26fd085609ff4f029ecbe16f2b87e2c1,1,0,1,1,0,0,0,0,0,1,0,0,284,,36,0,0,0,0,0,0,99.99
a952e70c9da245e98512e07845c04b65,1,0,1,1,0,0,0,0,0,1,0,0,241,,31,0,0,0,0,0,0,69.99
6bafd77f5ff84dbb9dd6504cc000aa6d,1,0,1,1,0,0,0,0,0,1,0,0,209,,18,0,0,0,0,0,0,9.99
a69b485320114a5abb8bfdfaa7f10b6e,1,0,1,1,0,0,0,0,0,1,0,0,197,40,48,0,0,0,0,0,0,99.99
d1674bdd2b134df58963db6ffaceb568,1,0,1,1,0,0,0,0,0,1,0,0,196,,32,0,0,0,0,0,0,6.99
1336d04878634848a17d106b07dc7f1e,1,0,1,1,0,0,0,0,0,1,0,0,160,,31,0,0,0,0,0,0,69.99
4b260a7a6c224d64906fff47d135baf1,1,0,1,1,0,0,0,0,0,1,0,0,151,,30,0,0,0,0,0,0,6.99
35ad4d1256da4bca81683ea3fda37107,1,0,1,1,0,0,0,0,0,1,0,0,109,21,24,0,0,0,0,2,0,9.99
140914eeb5403f4d81ce54188600bdaf,1,0,1,1,0,0,0,0,0,1,0,0,109,,14,0,0,0,0,0,0,99.99
4a9fb033b6d64ac1a02ac1b0fcc1a9a2,1,0,1,1,0,0,0,0,0,1,0,0,107,,16,0,0,0,0,0,0,9.99
d83f7856cf6d4eac91d964a9667350c2,1,0,1,1,0,0,0,0,0,1,0,0,95,,20,0,0,0,0,0,0,6.99
52e4da46202f43c0a1d4427a3e53cc58,1,0,1,1,0,0,0,0,0,1,0,0,78,3,43,0,0,0,0,0,0,9.99
b8aa149823524101bd95b27a828e3638,1,0,1,1,0,0,0,0,0,1,0,0,45,,14,0,0,0,0,0,0,69.99
02a03544672a4debbf746eec011f93f5,1,0,1,1,0,0,0,0,0,1,0,0,44,,11,0,0,0,0,0,0,9.99
c884f2d89e004e398ba06833ba631b22,1,0,1,1,0,0,0,0,0,1,0,0,19,,8,0,0,0,0,0,0,99.99
e310ed997e0c40209ec8ae380b673d0f,1,0,1,1,0,0,0,0,0,1,0,0,17,,7,0,0,0,0,0,0,99.99
b2e56bbb01af4b55b45f4541ad862cb6,1,0,1,1,0,0,0,0,0,1,0,0,12,,5,0,0,0,0,0,0,9.99
a85e13f3decf4d419cfbdfacf1a43536,1,0,1,1,0,0,0,0,0,1,0,0,,,4,0,0,0,0,0,0,6.99
b7bd7accd6be4b3d86c00df920afede1,1,0,1,1,0,0,0,0,0,0,1,0,80,4,16,0,0,0,0,0,0,99.99
1dbd7fa7349044749a18e99324277180,1,0,1,1,0,0,0,0,0,0,1,0,60,,31,0,0,0,0,0,0,9.99
94b3d8587a014ef9a3406aab617349b6,1,0,1,1,0,0,0,0,0,0,0,1,2040,64,88,0,0,0,0,3,0,6.99
4225f4562a99435194a0d12b14764800,1,0,1,1,0,0,0,0,0,0,0,1,572,30.66666667,63,0,0,0,0,0,0,69.99
9723c68faab740ef93540b600f644674,1,0,1,0,1,1,0,0,0,0,1,0,2781,2615,39,0,1,0,1,0,0,9.99
2bdc89d7f2454851bdd451d4b0b29091,1,0,1,0,1,1,0,0,0,0,1,0,2593,1767,43,0,0,0,0,0,0,99.99
aa41a3991e654e7cada7f7444fd8ad79,1,0,1,0,1,1,0,0,0,0,1,0,361,12,26,0,0,0,0,0,0,6.99
dab5f6da2e18423f96df61a7b312a5fa,1,0,1,0,1,1,0,0,0,0,1,0,51,,10,0,0,0,0,0,0,99.99
73fd9b94706d4826bb781e70dbcc1a85,1,0,1,0,1,0,1,0,1,0,0,0,3171,18,38,0,0,0,0,1,0,48.99
78b4231828bd4fd78090112b6d6dbd7b,1,0,1,0,1,0,1,0,1,0,0,0,2121,,69,0,0,0,0,1,0,449.97
ea57162f99e341398160e9786889cd7a,1,0,1,0,1,0,1,0,1,0,0,0,1765,17,28,0,0,0,0,0,0,9.99
5c49366092ba4fa28fe6d4fc37fefbd8,1,0,1,0,1,0,1,0,1,0,0,0,1523,50,92,0,0,0,0,2,0,6.99
28951d1d43754efe98474a1785bba4ce,1,0,1,0,1,0,1,0,1,0,0,0,1298,,29,0,0,0,0,0,0,29.98
f2968d09344448219dc88a592cc35935,1,0,1,0,1,0,1,0,1,0,0,0,1228,25,80,0,0,0,0,1,0,99.99
d9b9d9b677774f8582336fa0e9cb2a62,1,0,1,0,1,0,1,0,1,0,0,0,679,,57,0,0,0,0,0,0,99.99
ed4f89db547140a68ad426a06df5117e,1,0,1,0,1,0,1,0,1,0,0,0,612,14,36,0,0,0,0,3,0,99.99
6026a590bdc84113a3b466dcd85f0482,1,0,1,0,1,0,1,0,1,0,0,0,590,590,59,0,0,0,0,0,0,99.99
3651fd4ba18e49dfb9f3a98b6ea0c566,1,0,1,0,1,0,1,0,1,0,0,0,587,15,41,0,0,0,0,0,0,149.99
8590a4f28a6d4635a524a710b20a4b81,1,0,1,0,1,0,1,0,1,0,0,0,453,8,69,0,0,0,0,2,0,14.99
0f7bd9586a62455883d6ed7ce264aba1,1,0,1,0,1,0,1,0,1,0,0,0,424,,14,0,0,0,0,0,0,69.99
1fe0b8e1eea54dbf97aa6fd7b115804a,1,0,1,0,1,0,1,0,1,0,0,0,398,26,45,0,0,0,0,1,0,69.99
a3ca1800e86b413eb9e898b35c53457f,1,0,1,0,1,0,1,0,1,0,0,0,315,,36,0,0,0,0,0,0,99.99
046decdf34744395b6ae8c86a3ba5780,1,0,1,0,1,0,1,0,1,0,0,0,213,,12,0,0,0,0,0,0,69.99
2f94927d90f04b52bd21474f39a16266,1,0,1,0,1,0,1,0,1,0,0,0,155,,12,0,0,0,0,0,0,6.99
fb60837350984a7cb3c8e0cf6da66ae3,1,0,1,0,1,0,1,0,1,0,0,0,85,30,10,0,0,0,0,0,0,69.99
2b370b7c23284c0ca31e230d8b557aeb,1,0,1,0,1,0,1,0,1,0,0,0,84,3.2,26,0,0,0,0,1,0,9.99
2a455c8c205e47dab219b998231c6df7,1,0,1,0,1,0,1,0,1,0,0,0,79,,15,0,0,0,0,0,0,99.99
01b27fde79a04d2ba1f0c6f34a8c71c0,1,0,1,0,1,0,1,0,1,0,0,0,29,,18,0,0,0,0,0,0,6.99
15093cacc7f54bd4be25911878c5b0de,1,0,1,0,1,0,1,0,1,0,0,0,,,90,0,0,0,0,0,0,99.99
c6a4f23103a94f849504b12b80dd8eec,1,0,1,0,1,0,1,0,1,0,0,0,,,5,0,0,0,0,0,0,6.99
11762d8e7daf4e769516fd5bcc9652fc,1,0,1,0,1,0,1,0,0,1,0,0,2344,,70,0,0,0,0,0,0,69.99
2fb7d8e6b53444419d1e3933e8a339d9,1,0,1,0,1,0,1,0,0,1,0,0,1343,,84,0,0,0,0,0,0,6.99
4c79f74c95ab4f32b153a5882dd4d267,1,0,1,0,1,0,1,0,0,1,0,0,1275,59,92,0,0,0,0,1,0,69.99
e4b1a664a87140adb496a05165a2faec,1,0,1,0,1,0,1,0,0,1,0,0,424,,52,0,0,0,0,0,0,6.99
4dd09d85fb6046638730cd885252f0e7,1,0,1,0,1,0,1,0,0,1,0,0,128,,20,0,0,0,0,0,0,9.99
28df896efff54f25a646bd7f9bfd3309,1,0,1,0,1,0,1,0,0,1,0,0,81,,14,0,0,0,0,0,0,69.99
5f74e2b05721ba4484884f1e0959746b,1,0,1,0,1,0,1,0,0,1,0,0,61,,11,0,0,0,0,0,0,69.99
310345ecdf964948b27e4646f2bc322a,1,0,1,0,1,0,1,0,0,1,0,0,54,,8,0,0,0,0,0,0,99.99
b73618741f894251ad10f902498464c6,1,0,1,0,1,0,1,0,0,1,0,0,53,,14,0,0,0,0,0,0,69.99
00548da83f9a41aab14c9516b65ce7c4,1,0,1,0,1,0,1,0,0,1,0,0,43,,24,0,0,0,0,0,0,99.99
833c8eb8ed724e089bdf7b30f237ee75,1,0,1,0,1,0,1,0,0,1,0,0,12,,8,0,0,0,0,0,0,14.99
5df1b19b68f9401fa59f65e1021326a0,1,0,1,0,1,0,1,0,0,0,1,0,1549,20,17,0,0,0,0,0,0,9.99
d5070f92e5814b1b842d4f346481810d,1,0,1,0,1,0,1,0,0,0,1,0,452,,20,0,0,0,0,0,0,79.99
a6fc164e53a7491499804b7d3c0d5d4b,1,0,1,0,1,0,1,0,0,0,1,0,22,,7,0,0,0,0,0,0,69.99
670e699a4ea641cab7e4651a3a0a35a8,1,0,1,0,1,0,1,0,0,0,0,1,4382,48,87,0,0,0,0,0,0,99.99
e515441c53134613911facabb094bcf3,1,0,1,0,1,0,1,0,0,0,0,1,421,,98,0,0,0,0,0,0,9.99
e07008d1903d4046ba32a5dbdde6da11,1,0,1,0,1,0,1,0,0,0,0,1,253,,12,0,0,0,0,0,0,69.99
9fbaf508a44641f8b8e1bc87c9ff6b9e,1,0,1,0,1,0,1,0,0,0,0,1,250,,61,0,0,0,0,0,0,6.99
8d65953471ad4c789dcd0aee622efa1c,1,0,1,0,1,0,1,0,0,0,0,1,207,,6,0,0,0,0,0,0,69.99
a58b770ab59b4fdbb6cd7737a1d1266a,1,0,1,0,1,0,1,0,0,0,0,1,189,75,34,0,0,0,0,0,0,9.99
dc71e263adc24fe480b337a07004e5ec,1,0,1,0,1,0,1,0,0,0,0,1,123,,52,0,0,0,0,0,0,69.99
e95f3aed4d3f4391861098131e28e675,1,0,1,0,1,0,1,0,0,0,0,1,111,,39,0,0,0,0,0,0,9.99
ab760ed43b834954beb0f04aca5fb3bb,1,0,1,0,1,0,1,0,0,0,0,1,106,,9,0,0,0,0,0,0,9.99
7c78f9e5c5e34a6c9e9d1407cea3d5c5,1,0,1,0,1,0,1,0,0,0,0,1,36,,9,0,0,0,0,0,0,9.99
5ae284d2edd34182a77bf551fb273e9e,1,0,1,0,1,0,1,0,0,0,0,1,21,,7,0,0,0,0,0,0,9.99
f8cd803324e64a879346e767e7d9115f,1,0,1,0,1,0,1,0,0,0,0,1,13,,7,0,0,0,0,0,0,6.99
83dbe1ebb0e949cc8ba01c5178249684,1,0,1,0,1,0,1,0,0,0,0,1,12,,8,0,0,0,0,0,0,9.99
686975728c6c4690b3f70f39164f6d13,1,0,1,0,1,0,1,0,0,0,0,0,273,,19,0,0,0,0,0,0,149.99
d99b8f5e9aea44e093f9e5a215d4af52,1,0,1,0,1,0,0,1,1,0,0,0,1620,87,60,0,0,0,0,0,0,99.99
cef55aa3915b4d8cb150c72376e50f8e,1,0,1,0,1,0,0,1,1,0,0,0,1576,,27,0,0,0,0,0,0,69.99
d4f10f79aab34e2ca6d40d56a60c7e51,1,0,1,0,1,0,0,1,1,0,0,0,1498,8,34,0,0,0,0,0,0,9.99
2a7ffbe910294efcb9d9869b7a5be5bf,1,0,1,0,1,0,0,1,1,0,0,0,1464,340,45,0,0,0,0,1,0,99.99
426f436add9d4b8c9e99efdc66b404fc,1,0,1,0,1,0,0,1,1,0,0,0,1259,59,35,0,0,0,0,1,0,69.99
0295ad7bc9b44fb386764b4603859171,1,0,1,0,1,0,0,1,1,0,0,0,1068,39,45,0,0,0,0,0,0,69.99
9c56cdfb7a7641aab1bf197d4ac392ad,1,0,1,0,1,0,0,1,1,0,0,0,845,6.5,73,0,0,0,0,1,0,6.99
b174fae446534eca847b15efec913d6c,1,0,1,0,1,0,0,1,1,0,0,0,814,238,41,0,0,0,0,2,0,99.99
0d81a6b6bb9e4de8a1ff60f8fc95693d,1,0,1,0,1,0,0,1,1,0,0,0,531,,22,0,0,0,0,0,0,99.99
a7aa8680e8c04f819463b334ba501d4f,1,0,1,0,1,0,0,1,1,0,0,0,437,,44,0,0,0,0,0,0,99.99
db0e20b42f6b4f538c8adce87e85d8c2,1,0,1,0,1,0,0,1,1,0,0,0,185,,31,0,0,0,0,0,0,9.99
29428545118eca4aac249eeb542f9536,1,0,1,0,1,0,0,1,1,0,0,0,184,,33,0,1,0,0,1,0,6.99
4d41afb4a8eb495a8ef2ad7b816c098d,1,0,1,0,1,0,0,1,1,0,0,0,177,,11,0,0,0,0,0,0,6.99
f8a3618b8428418eb5085d28c531db51,1,0,1,0,1,0,0,1,1,0,0,0,173,,24,0,0,0,0,0,0,69.99
6670464caf25490dbead5f8572882b34,1,0,1,0,1,0,0,1,1,0,0,0,93,,6,0,0,0,0,0,0,69.99
999358e688b245cc8db3d7f950dd2951,1,0,1,0,1,0,0,1,1,0,0,0,72,,10,0,0,0,0,0,0,69.99
0a3d18612c2049f1a1ceccf6fbbccd70,1,0,1,0,1,0,0,1,1,0,0,0,4,,28,0,0,0,0,0,0,9.99
cf2fe3be097949a8a0c9d355d88a658d,1,0,1,0,1,0,0,1,0,1,0,0,1219,,73,0,0,0,0,1,0,14.99
231a4817cbef4217a68962512e4b955e,1,0,1,0,1,0,0,1,0,1,0,0,1075,152,50,0,1,0,0,0,0,9.99
2d94bc5c875c457da7f2f839c21b07ed,1,0,1,0,1,0,0,1,0,1,0,0,848,10,32,0,0,0,1,0,0,14.99
b6bd4fd010384673a012c3603e1e0ac6,1,0,1,0,1,0,0,1,0,1,0,0,650,6,46,0,0,0,0,0,0,99.99
dfb0c90eb9e743feafea8f19d7291a9a,1,0,1,0,1,0,0,1,0,1,0,0,604,,49,0,0,0,0,0,0,69.99
9f911b1c225b4f87afd8cd9e507148c9,1,0,1,0,1,0,0,1,0,1,0,0,414,9.5,56,0,0,0,0,0,0,69.99
99abdbdb446f4ab8b9885477596124cf,1,0,1,0,1,0,0,1,0,1,0,0,66,,17,0,0,0,0,0,0,69.99
79fc3cb81c9e4926b0a442897e1390f8,1,0,1,0,1,0,0,1,0,1,0,0,41,,10,0,0,0,0,0,0,149.99
3a1e6ebe53914265970754e167cccfc5,1,0,1,0,1,0,0,1,0,1,0,0,,,0,0,0,0,0,0,0,69.99
2cff874d37fdbe4f9a9ebbdf998d11c2,1,0,1,0,1,0,0,1,0,0,1,0,2298,174,64,0,0,0,0,0,0,9.99
bb7e2062bd4142a194eaa8818bf04169,1,0,1,0,1,0,0,1,0,0,1,0,1514,28.5,76,0,0,0,0,0,0,69.99
ebe7fc894f954aa1bfcbcfd787f89287,1,0,1,0,1,0,0,1,0,0,1,0,859,,51,0,0,0,0,0,0,106.98
efb28faf010348e7985682995f2f7953,1,0,1,0,1,0,0,1,0,0,1,0,817,388,60,0,0,0,0,0,0,99.99
8a67b038a1aa3c40bb96ee2bfb4f900d,1,0,1,0,1,0,0,1,0,0,1,0,200,,16,0,0,0,0,0,0,6.99
9b8f726a333f48d5aec00d4b3ccaf923,1,0,1,0,1,0,0,1,0,0,1,0,189,,6,0,0,0,0,0,0,12.5
24291573e8f342abb381817be6208980,1,0,1,0,1,0,0,1,0,0,1,0,165,,8,0,0,0,0,0,0,149.99
b2fa8817ab6545bf98d8392739ceae89,1,0,1,0,1,0,0,1,0,0,1,0,159,23,21,0,0,0,0,0,0,9.99
139eade0d1b541f8afbf07e8316f6d39,1,0,1,0,1,0,0,1,0,0,1,0,102,,4,0,0,0,0,0,0,99.99
5f7f7ed35920437f98e7d73e181794e7,1,0,1,0,1,0,0,1,0,0,1,0,11,,4,0,0,0,0,0,0,149.99
147efe93771d47999c5ac1785c306c43,1,0,1,0,1,0,0,1,0,0,0,1,1685,33,86,0,0,0,0,2,0,99.99
dc83437f0e58460e9442db0293154b96,1,0,1,0,1,0,0,1,0,0,0,1,1491,,35,0,0,0,0,0,0,99.99
c510a32fbf524ea6a67300f23ddb7031,1,0,1,0,1,0,0,1,0,0,0,1,263,,25,0,0,0,0,0,0,9.99
a8a0e8d7def3431f82d6494067bac533,1,0,1,0,1,0,0,1,0,0,0,1,221,,22,0,0,0,0,0,0,99.99
796166859de44c91aad0cfb6346b7c85,1,0,1,0,1,0,0,1,0,0,0,1,106,,14,0,0,0,0,0,0,99.99
02d38ac4ed584c7fa91ae9509530ab7e,1,0,1,0,1,0,0,1,0,0,0,1,86,,14,0,0,0,0,0,0,99.99
c1a1bd7d34c841f3b40d370a7cf41d76,1,0,1,0,1,0,0,1,0,0,0,1,31,,7,0,0,0,0,0,0,99.99
42050d6192ea43c996ec195e5559701d,1,0,1,0,1,0,0,1,0,0,0,0,1840,,43,0,0,0,0,1,0,14.99
12f65ea95591415e93fedede2e64c179,1,0,1,0,1,0,0,1,0,0,0,0,1194,13,26,0,0,0,0,0,0,44.97
c3d457532b31409da308173a867c96b5,1,0,1,0,1,0,0,0,1,0,0,0,2544,21,114,0,0,0,0,0,0,6.99
5981ec2f7dc9477f891d9d9a0ce75074,1,0,1,0,1,0,0,0,1,0,0,0,1633,90,48,0,0,0,0,0,0,99.99
bc21d9fa4485473f942b7c699b0fa38a,1,0,1,0,1,0,0,0,1,0,0,0,1537,36,78,0,0,0,0,1,0,14.99
b58a740a73cb45d486aa0a635b3c16f7,1,0,1,0,1,0,0,0,1,0,0,0,1067,,12,0,0,0,0,0,0,6.99
66c2a674ef65492baa6e3915a8c4a74d,1,0,1,0,1,0,0,0,1,0,0,0,1012,,49,0,0,0,0,0,0,69.99
07d3f8fe28714c66a88177247bf386e7,1,0,1,0,1,0,0,0,1,0,0,0,930,54,47,0,0,0,0,1,0,99.99
5852ffa8533b49b8b0734f6cadec4ef0,1,0,1,0,1,0,0,0,1,0,0,0,870,135,80,0,0,0,0,1,0,9.99
0bc59fdb65094105bb31a39094df49d4,1,0,1,0,1,0,0,0,1,0,0,0,865,,34,0,0,0,0,0,2,6.99
731ff7a385594bc4a742c7e0330c9420,1,0,1,0,1,0,0,0,1,0,0,0,613,,39,0,0,0,0,0,0,9.99
4224bbd7f1d3436d960bd019a010281b,1,0,1,0,1,0,0,0,1,0,0,0,453,3.5,9,0,0,0,0,0,0,69.99
8b397ef79a4c417392ee4d9c4951e088,1,0,1,0,1,0,0,0,1,0,0,0,318,,12,0,0,0,0,0,0,99.99
0b566035a9bc41bb98d70a40cc3e807f,1,0,1,0,1,0,0,0,1,0,0,0,316,,1,0,0,0,0,0,0,99.99
cf64571f7fcb46ed9537c5e001925c9b,1,0,1,0,1,0,0,0,1,0,0,0,212,66,24,0,0,0,0,2,0,9.99
cf7985105b874b8cba1d822844aa5470,1,0,1,0,1,0,0,0,1,0,0,0,179,17,46,0,0,0,0,1,0,9.99
b51f71f9e3a947b1b2e1cba7267c8efa,1,0,1,0,1,0,0,0,1,0,0,0,176,,17,0,0,0,0,0,0,99.99
69c2d20427e19148a2dce0016b343c3e,1,0,1,0,1,0,0,0,1,0,0,0,114,,14,0,0,0,0,0,0,99.99
bec97aa49d8144ceb79b487d91e314ea,1,0,1,0,1,0,0,0,1,0,0,0,47,,104,0,0,0,0,0,0,1.09
9c7c679ee868410b854b18263a410671,1,0,1,0,1,0,0,0,1,0,0,0,1,,1,0,0,0,0,0,0,69.99
178fa5e1874a4ec6afc5e9b1141e43c3,1,0,1,0,1,0,0,0,1,0,0,0,,,5,0,0,0,0,0,0,9.99
468b45e2b6354586b3a536e805bc688e,1,0,1,0,1,0,0,0,0,1,0,0,3087,15,66,0,0,0,0,3,0,14.99
e8c5ebf0eed19e40a4022ff6be78c5fb,1,0,1,0,1,0,0,0,0,1,0,0,1728,,4,0,0,0,0,0,0,99.99
c3ac1a89a66040469a5fd564debab73e,1,0,1,0,1,0,0,0,0,1,0,0,1626,118,12,0,0,0,0,0,0,99.99
ceea17a4ef8b49f9bc0e428d962ff26d,1,0,1,0,1,0,0,0,0,1,0,0,1476,,41,0,0,0,0,0,0,6.99
a566f0d62bf042e8940a112419abe113,1,0,1,0,1,0,0,0,0,1,0,0,1372,50,14,0,0,0,0,0,0,9.99
6e26c8b7b83045778bb69fa2931b81e1,1,0,1,0,1,0,0,0,0,1,0,0,1206,33,21,0,0,0,0,0,0,9.99
5ef8dcbe1afa904a897a4bed6f87067a,1,0,1,0,1,0,0,0,0,1,0,0,952,200,55,0,0,0,0,0,0,9.99
b4fe9116bd574142a8695dc9cd5d801b,1,0,1,0,1,0,0,0,0,1,0,0,895,19,41,0,0,0,0,2,0,9.99
7787271abfc1464d8fdf0b5571465f60,1,0,1,0,1,0,0,0,0,1,0,0,821,,36,0,0,0,0,0,0,9.99
87b77be22e1d403a97d2e3f1b1c86067,1,0,1,0,1,0,0,0,0,1,0,0,778,,43,0,0,0,0,0,0,69.99
620b565ab4714239b70a7f520a359493,1,0,1,0,1,0,0,0,0,1,0,0,582,,20,0,0,0,0,0,0,9.99
4e62f487d0c8fb48b5be7e3f546c1e9a,1,0,1,0,1,0,0,0,0,1,0,0,388,10,34,0,0,0,0,1,0,9.99
632b74566a2a794ea8354e0b915cb280,1,0,1,0,1,0,0,0,0,1,0,0,338,110,20,0,0,0,0,0,0,9.99
319eeb0b636bff44b38d385ad3f3dadf,1,0,1,0,1,0,0,0,0,1,0,0,314,,0,0,0,0,0,0,0,9.99
91f8010b15b14493bc5cdb7b919610ea,1,0,1,0,1,0,0,0,0,1,0,0,301,9,22,0,0,0,0,0,0,99.99
a255805848784defb0cf38703161b333,1,0,1,0,1,0,0,0,0,1,0,0,300,,42,0,0,0,0,0,0,9.99
54d6dbe9710846429c5d5af6c4d8c21a,1,0,1,0,1,0,0,0,0,1,0,0,262,39,41,0,0,0,0,0,0,99.99
a8a50c7a6f664712b4daff1374510ab3,1,0,1,0,1,0,0,0,0,1,0,0,226,16,39,0,0,0,0,0,0,99.99
125b0a752f8546ee8fa0106af4b3a4d9,1,0,1,0,1,0,0,0,0,1,0,0,222,,36,0,0,0,0,0,0,99.99
ce65a6a40f234ee992ae10984cb33bf7,1,0,1,0,1,0,0,0,0,1,0,0,218,9,27,0,0,0,0,0,0,9.99
874e761074e1442d9f3cf83c47862b87,1,0,1,0,1,0,0,0,0,1,0,0,189,,24,0,0,0,0,0,0,9.99
e0ae5861c3b54b3382a5d038b5f1fa05,1,0,1,0,1,0,0,0,0,1,0,0,188,7.666666667,31,0,0,0,0,1,0,9.99
fbf34efde6694b1a9e447b6ae6bc7a17,1,0,1,0,1,0,0,0,0,1,0,0,163,,17,0,0,0,0,0,0,69.99
0c7d341881344c8eb26ec3d710fb8aef,1,0,1,0,1,0,0,0,0,1,0,0,145,,26,0,0,0,0,0,0,9.99
2c5cd8967fd144d3b9bc58de5a8f2dfc,1,0,1,0,1,0,0,0,0,1,0,0,139,,14,0,0,0,0,0,0,69.99
5548bb6a88064bcda07a6dc43dbc8cce,1,0,1,0,1,0,0,0,0,1,0,0,126,,13,0,0,0,0,0,0,69.99
f1056d37ef6542c893658dfd89cb52d9,1,0,1,0,1,0,0,0,0,1,0,0,109,,14,0,0,0,0,0,0,9.99
717fa81c21424a2b8de1ee5fc0ef9744,1,0,1,0,1,0,0,0,0,1,0,0,98,,19,0,0,0,0,0,0,6.99
778e283bec8a4e3d87e3f21b86d236f5,1,0,1,0,1,0,0,0,0,1,0,0,75,,12,0,0,0,0,0,0,149.99
4e12c28a1993422f93873282f495de74,1,0,1,0,1,0,0,0,0,1,0,0,70,,12,0,0,0,0,0,0,9.99
b3aa99080c8f437499d22aa94c32a316,1,0,1,0,1,0,0,0,0,1,0,0,67,,10,0,0,0,0,0,0,99.99
fe33fdd745e14882856849add1fb0556,1,0,1,0,1,0,0,0,0,1,0,0,58,,26,0,0,0,0,0,0,6.99
ebdfb8f13a9f4b4daf8a54bc11f8c741,1,0,1,0,1,0,0,0,0,1,0,0,53,,13,0,0,0,0,0,0,69.99
c5a27b5864714c6cb443a372224bb78f,1,0,1,0,1,0,0,0,0,1,0,0,45,,17,0,0,0,0,0,0,6.99
bf4bd343d8734f4fba10764e69c83ec2,1,0,1,0,1,0,0,0,0,1,0,0,37,,11,0,0,0,0,0,0,9.99
3e4ecfb7043241bc9ab6852067e0d1c4,1,0,1,0,1,0,0,0,0,1,0,0,20,,12,0,0,0,0,0,0,99.99
6b657c0459342845bc174b5d3dbd820d,1,0,1,0,1,0,0,0,0,1,0,0,16,,8,0,0,0,0,0,0,9.99
d888459bc880477283d3271b7fda46c4,1,0,1,0,1,0,0,0,0,0,1,0,55,,47,0,0,0,0,0,0,6.99
,,,,,,,,,,,,,,,,0,0,0,0,0,0,0
,,,,,,,,,,,,,,,,0,0,0,0,0,0,0
6a146170f75d45339b264ea59bb1e831,0,1,5,0,1,0,1,1,3,1,0,1,364,27,10,0,0,0,0,0,0,0
2948611dc47e42d68de769fefcb88fb2,0,1,3,1,0,0,3,0,0,0,0,3,328.5,185.5,93,0,0,0,0,0,0,0
a3cb1703f17e4ece9e543f957c2ea5ef,0,1,2,1,0,0,1,1,1,1,0,0,1819.5,36.5,254,0,0,0,0,0,0,0
36a7a8446ee44c288a974ed6124139e4,0,1,2,1,0,0,0,1,1,1,0,0,1047,,168,0,0,0,0,0,2,0
32798f4f24fa44c6bfa7e8418861aed9,0,1,2,0,1,0,1,0,0,2,0,0,967.5,25,68,0,0,0,0,1,0,0
85f64c4c9e744963b72a95702b8b39df,0,1,2,0,1,0,0,2,2,0,0,0,1620.5,107,90,0,0,0,0,1,4,0
2ac99f79630c2f4792d64bf2ab93003e,0,1,2,0,1,0,0,1,1,0,0,0,1414.5,1350,44,0,1,0,1,0,0,0
5f1827ae627a4bb79a221860eac95856,0,1,1,1,0,1,0,0,0,1,0,0,,,1,0,0,0,0,0,0,0
ba43620a03c4494c8b960f9600c8c6c3,0,1,1,1,0,1,0,0,0,0,1,0,179,,26,0,0,0,0,0,0,0
c3bfb874d8b640ff8edef60efce81d07,0,1,1,1,0,1,0,0,0,0,1,0,5,,5,0,0,0,0,0,0,0
87c598762f3d49c6b3778ee1b54a6a26,0,1,1,1,0,0,1,0,1,0,0,0,68,,12,0,0,0,0,0,0,0
6af2fbb195bb46f5a56847587d9cfa32,0,1,1,1,0,0,1,0,1,0,0,0,5,,4,0,0,0,0,0,0,0
418d64a0102542c2b5420cc917bea1aa,0,1,1,1,0,0,1,0,0,1,0,0,132,,20,0,0,0,0,0,0,0
e54758e5f45a472081d51a99f3a1472d,0,1,1,1,0,0,1,0,0,1,0,0,22,,13,0,0,0,0,0,0,0
ec5d14b880b74e24b8e5d3bfcb503ba2,0,1,1,1,0,0,1,0,0,1,0,0,,,3,0,0,0,0,0,0,0
42eb2c76deac4d69ad50c7ccd51e5ff8,0,1,1,1,0,0,1,0,0,0,1,0,181,,25,0,0,0,0,0,0,0
1580a7d636d3d54885334968ab97b5be,0,1,1,1,0,0,1,0,0,0,1,0,,,3,0,0,0,0,0,0,0
7f79cdd1c3b04283bf4004f79b11b5c5,0,1,1,1,0,0,1,0,0,0,0,1,911,,18,0,0,0,0,0,3,0
5f73778965174d34b1e6a4483ae8fd69,0,1,1,1,0,0,1,0,0,0,0,1,489,5,119,0,0,0,0,0,2,0
e6ee9f380a09406bbbc86bdd2cf8de96,0,1,1,1,0,0,1,0,0,0,0,1,303,,21,0,0,0,0,0,0,0
e637eaf255e048378d78041843922fc2,0,1,1,1,0,0,1,0,0,0,0,1,295,,70,0,0,0,0,0,0,0
2d8ab9e4edc743d58b4264df1c48302e,0,1,1,1,0,0,1,0,0,0,0,1,284,,24,0,0,0,0,0,0,0
b5915f4120b34a75b4a4e569ecd974af,0,1,1,1,0,0,1,0,0,0,0,1,131,,5,0,0,0,0,0,0,0
7a05551469e549e9bf5999812fde489f,0,1,1,1,0,0,1,0,0,0,0,1,126,14,17,0,0,0,0,0,0,0
ca9416c8eb1145fc8c8d8062939d2883,0,1,1,1,0,0,1,0,0,0,0,1,113,,37,0,0,0,0,0,0,0
c9610ce132af4f9cb9cd7918eafcd1bd,0,1,1,1,0,0,1,0,0,0,0,1,85,,22,0,0,0,0,0,0,0
de73b41ef6ae4566a044ca5b913b7bd9,0,1,1,1,0,0,1,0,0,0,0,1,62,,24,0,0,0,0,0,0,0
345fc3efb41a44fa9fb2bfbf7835d7e1,0,1,1,1,0,0,1,0,0,0,0,1,20,,10,0,0,0,0,0,0,0
a87527a2fa29494a9e5d85f933ad26bb,0,1,1,1,0,0,1,0,0,0,0,1,16,,7,0,0,0,0,0,0,0
6c09b668aae844fd8dc6efc8501ea46e,0,1,1,1,0,0,1,0,0,0,0,1,5,,7,0,0,0,0,0,0,0
5f7ad0a50bec435d9a9cf4eee62a2fde,0,1,1,1,0,0,1,0,0,0,0,1,,,3,0,0,0,0,0,0,0
3236e05d97fd4bf2af7fda635ed92e12,0,1,1,1,0,0,1,0,0,0,0,0,439,,3,0,0,0,0,0,0,0
a8dbab4709de4de195f82eb018f70aee,0,1,1,1,0,0,0,1,1,0,0,0,1378,37,48,0,0,0,0,0,0,0
6aff52c493aa4d9489d942ab9afdb7ba,0,1,1,1,0,0,0,1,1,0,0,0,654,54,42,0,0,0,0,0,0,0
7d5d1e60d2e64cb387945cd86b9a6a6d,0,1,1,1,0,0,0,1,1,0,0,0,586,,12,0,0,0,0,0,0,0
f55ef49ae5d34384a2b0193b369ff487,0,1,1,1,0,0,0,1,1,0,0,0,563,,27,0,0,0,0,0,0,0
01d5555be962490f9684346cf0305daf,0,1,1,1,0,0,0,1,1,0,0,0,212,,27,0,0,0,0,0,0,0
28f925cfd4884a32afe8701a8b018cdb,0,1,1,1,0,0,0,1,1,0,0,0,160,,16,0,0,0,0,0,0,0
7006026c509b42a38620b93a5f77828e,0,1,1,1,0,0,0,1,1,0,0,0,113,,44,0,0,0,0,0,0,0
fa252197d5e24960a6ece49c17f95408,0,1,1,1,0,0,0,1,1,0,0,0,4,,5,0,0,0,0,0,0,0
c59e486087c040baa458b6e6acf52b54,0,1,1,1,0,0,0,1,0,1,0,0,784,,27,0,0,0,0,0,0,0
f096571804db4d44a2af67ca0b137412,0,1,1,1,0,0,0,1,0,1,0,0,220,,27,0,0,0,0,0,0,0
54f9ab7a0b84435eb70d1947c6716ef8,0,1,1,1,0,0,0,1,0,0,1,0,1656,,24,0,0,0,0,0,0,0
b614d813514f441d8e90aafe6c277a8f,0,1,1,1,0,0,0,1,0,0,1,0,1390,52,31,0,0,0,0,0,0,0
3841f4625f5d4622a9b46c1dd9f3f3fc,0,1,1,1,0,0,0,1,0,0,1,0,856,17,26,0,0,0,0,0,0,0
e687bc9c3aa84af7999bbc6e20ee532d,0,1,1,1,0,0,0,1,0,0,1,0,679,,33,0,0,0,0,0,0,0
efb926186e6b48a6aaa5d714c8db88d4,0,1,1,1,0,0,0,1,0,0,1,0,312,,61,0,0,0,0,0,0,0
dad6ab6b49944dec97093b06b67cd9e6,0,1,1,1,0,0,0,1,0,0,1,0,245,,50,0,0,0,0,0,2,0
7171bf2979644258955261f66c6ca1ef,0,1,1,1,0,0,0,1,0,0,1,0,219,,31,0,0,0,0,0,0,0
2592d3a7a80d40dea2e071493bca2efa,0,1,1,1,0,0,0,1,0,0,1,0,148,,32,0,0,0,0,0,0,0
679887b570ff4e2d84bdbc71593c568b,0,1,1,1,0,0,0,1,0,0,1,0,124,20,26,0,0,0,0,0,1,0
1e07b617750a41458a2ac232205c6895,0,1,1,1,0,0,0,1,0,0,1,0,58,,16,0,0,0,0,0,0,0
ecf6af9eb18b4c658baca9967f671a91,0,1,1,1,0,0,0,1,0,0,0,1,2088,,32,0,0,0,0,0,2,0
4d778b0f5d1e46bbaa4a577c982d24dd,0,1,1,1,0,0,0,1,0,0,0,1,316,,45,0,0,0,0,0,0,0
203a9590f4f745cd9a4ea9991094418b,0,1,1,1,0,0,0,1,0,0,0,1,63,,18,0,0,0,0,0,0,0
3d056ec201e74c899dad260d4cf5a292,0,1,1,1,0,0,0,1,0,0,0,1,59,,18,0,0,0,0,0,0,0
febc0183a8f64347be76fe92095106d5,0,1,1,1,0,0,0,1,0,0,0,0,108,,55,0,0,0,0,0,0,0
201153cb3e5949b89a0dba610f08847e,0,1,1,1,0,0,0,1,0,0,0,0,43,,14,0,0,0,0,0,0,0
b63d03945a4a40e7a28c50a475eae358,0,1,1,1,0,0,0,0,1,0,0,0,1976,,22,0,0,0,0,0,0,0
480cbc84caf24c4bbfd144d02be0882d,0,1,1,1,0,0,0,0,1,0,0,0,801,,32,0,0,0,0,0,0,0
1c5198a3dd4844648818b1dab328ed2d,0,1,1,1,0,0,0,0,1,0,0,0,305,18,17,0,0,0,0,1,0,0
8321d1083b1f45e4b6555e380f6d4ef2,0,1,1,1,0,0,0,0,1,0,0,0,60,,19,0,0,0,0,0,0,0
4798b213b09c4bbfae3b399f685af137,0,1,1,1,0,0,0,0,0,1,0,0,2737,300,39,0,0,0,0,0,0,0
173ca82fcff64b08ae9e7c5194cce7ec,0,1,1,1,0,0,0,0,0,1,0,0,1572,,7,0,0,0,0,0,0,0
320f38eae67e4c5e9070435b9fa2b904,0,1,1,1,0,0,0,0,0,1,0,0,387,127,19,0,0,0,0,0,0,0
d8831dbbbc904eb58da46ef5bbc0ed41,0,1,1,1,0,0,0,0,0,1,0,0,382,19,52,0,0,0,0,0,0,0
76670849ba844924844d75dc8c99ae29,0,1,1,1,0,0,0,0,0,1,0,0,130,,37,0,0,0,0,0,0,0
340f160841fe430a9ac241616b3b5087,0,1,1,1,0,0,0,0,0,1,0,0,111,,27,0,0,0,0,0,0,0
bbe227a297bd469383de6246a64fb150,0,1,1,1,0,0,0,0,0,0,0,1,1381,,45,0,0,0,0,0,6,0
f385bf556c9d4923b78a1c606f0a595e,0,1,1,1,0,0,0,0,0,0,0,0,2532,43,127,0,0,0,0,11,0,0
e4327a2fc0b14bd782d4f1ef8f844204,0,1,1,0,1,0,1,0,1,0,0,0,4,,6,0,0,0,0,0,0,0
1c425e89c3064e239514f9c886378d5f,0,1,1,0,1,0,1,0,0,1,0,0,376,,27,0,0,0,0,0,0,0
de1954cb3f34428999a3994f0b7d8ab9,0,1,1,0,1,0,1,0,0,1,0,0,229,,10,0,0,0,0,0,0,0
7dd1f56a41d4744d82a700bfb852022c,0,1,1,0,1,0,1,0,0,1,0,0,33,,8,0,0,0,0,0,0,0
19f7e5397e7440d0a77c571cef67b819,0,1,1,0,1,0,1,0,0,1,0,0,5,,4,0,0,0,0,0,0,0
5241bd3085b6436a9e744292df46561b,0,1,1,0,1,0,1,0,0,0,1,0,292,,28,0,0,0,0,0,0,0
80eb22f942784b2c934bd96e4d31ca48,0,1,1,0,1,0,1,0,0,0,1,0,172,24,20,0,0,0,0,0,5,0
befd8a018b034840ac41ef33cc2b5c24,0,1,1,0,1,0,1,0,0,0,1,0,45,,15,0,0,0,0,0,0,0
6df5aa203ece41419716def8a7cf792c,0,1,1,0,1,0,1,0,0,0,1,0,16,,7,0,0,0,0,0,0,0
2ca6cabb6a4643eeb4310baa9d40f636,0,1,1,0,1,0,1,0,0,0,0,1,304,32,36,0,0,0,0,0,4,0
f007301fc82f49cba15ff15fda6152ee,0,1,1,0,1,0,1,0,0,0,0,1,116,,17,0,0,0,0,0,0,0
bdbbaed4062443dcafd84437c990893e,0,1,1,0,1,0,1,0,0,0,0,1,84,,19,0,0,0,0,0,2,0
b7f06326320b4f46a28652064db87149,0,1,1,0,1,0,1,0,0,0,0,1,10,,8,0,0,0,0,0,0,0
8ad3c2b231ef42d7be016f5bfa461e07,0,1,1,0,1,0,1,0,0,0,0,0,367,3,34,0,0,0,0,0,0,0
482a2f3cdfe1416eb090ac06727c14ef,0,1,1,0,1,0,1,0,0,0,0,0,142,,16,0,0,0,0,0,0,0
8ce39c159fee428194dba425fad20919,0,1,1,0,1,0,0,1,1,0,0,0,1666,27,52,0,0,0,0,0,0,0
dec83e52c24b4ae08b89ff7c5a992196,0,1,1,0,1,0,0,1,1,0,0,0,1188,893,11,0,0,0,0,0,0,0
07bafe8cf94b4adba84d8c8028ca23cb,0,1,1,0,1,0,0,1,1,0,0,0,1102,,13,0,0,0,0,0,0,0
9c7149b7a1944839b91dcc93935c14d2,0,1,1,0,1,0,0,1,1,0,0,0,461,,28,0,0,0,0,0,0,0
6d466a061b17405fb2537bf04c17d434,0,1,1,0,1,0,0,1,1,0,0,0,89,,6,0,0,0,0,0,0,0
9d54fe73568fbd479210fc5a119bbc95,0,1,1,0,1,0,0,1,1,0,0,0,49,,25,0,0,0,0,0,0,0
2b9e5a3d2b384f9ab354ed2c5ef459d0,0,1,1,0,1,0,0,1,1,0,0,0,49,,19,0,0,0,0,0,0,0
fcf71090399e4459ba37e7428a333c83,0,1,1,0,1,0,0,1,0,1,0,0,432,,61,0,0,0,0,0,1,0
d55db623fadfca4b86740360a358dcb7,0,1,1,0,1,0,0,1,0,1,0,0,13,,5,0,0,0,0,0,0,0
8037ddfa464f41dfb19eefd4f4e50a16,0,1,1,0,1,0,0,1,0,0,1,0,282,3.545454545,96,0,0,0,0,5,0,0
1f8f6bc6c6e2485289345c6c341bbb60,0,1,1,0,1,0,0,1,0,0,1,0,4,,5,0,0,0,0,0,0,0
e10bdbbf815b41ab85b4a52734cd7961,0,1,1,0,1,0,0,1,0,0,0,1,25,,11,0,0,0,0,0,0,0
7de61bdb95e64f45ab32e9b360254bde,0,1,1,0,1,0,0,0,1,0,0,0,2608,855,49,0,0,0,0,0,0,0
584724f1b8e54d5b88f4f2661b59b546,0,1,1,0,1,0,0,0,1,0,0,0,1314,586,14,0,0,0,0,0,0,0
e251e7fbd5214c1e8af189c9dc94b9ac,0,1,1,0,1,0,0,0,1,0,0,0,825,51,84,0,0,0,0,2,0,0
2c597ecfee4b44899cee64e4bf903cba,0,1,1,0,1,0,0,0,1,0,0,0,810,,69,0,0,1,0,3,0,0
05acc6e04fcb4b6697fc424ade0c0963,0,1,1,0,1,0,0,0,1,0,0,0,84,,17,0,0,0,0,0,0,0
9ad16938799e46f3bfb8daf5312f46a0,0,1,1,0,1,0,0,0,1,0,0,0,15,,7,0,0,0,0,0,0,0
5fa3b305313c441eac54e718c113cf16,0,1,1,0,1,0,0,0,0,1,0,0,6081,298,105,0,0,0,0,0,2,0
4ebe4cf24fd567408d5e1f00df4f3403,0,1,1,0,1,0,0,0,0,1,0,0,1761,16,99,0,0,0,0,0,0,0
b582af33698ef44092715fbf5b401b65,0,1,1,0,1,0,0,0,0,1,0,0,1220,18,44,0,0,0,0,0,0,0
3f0dab7d033c49d4af1d83aaf1bfc925,0,1,1,0,1,0,0,0,0,1,0,0,852,,135,0,0,0,0,0,0,0
d7a5c0a9c6744754840792b7f15b8982,0,1,1,0,1,0,0,0,0,1,0,0,99,,16,0,0,0,0,0,0,0
e4e6177dc9434b88875090156fb27fdb,0,1,1,0,1,0,0,0,0,1,0,0,38,,6,0,0,0,0,0,0,0
f7e9014bf68845ecb00230823aa6664d,0,1,1,0,1,0,0,0,0,1,0,0,15,,6,0,0,0,0,0,0,0
bfd28f2733fc4303abfcff780d49c634,0,1,1,0,1,0,0,0,0,1,0,0,6,,7,0,0,0,0,0,0,0
