AnonPuid,Product_new_group_update,tot_cnt,PI_Others,PI_Productivity_App,PI_Entertainment_App,PI_Casual_game,PI_Core_game,PI_Others_OperatingSystem,PI_Others_Pass,PI_MMTV,PI_Other_App,PI_Others_Device,PI_Others_Bundle,PI_Others_Music,tot_Usage_Engagement,Usage_Others,Usage_Productivity_App,Usage_Entertainment_App,Usage_Casual_game,Usage_Core_game,Usage_Others_OperatingSystem,Usage_Others_Pass,Usage_MMTV,Usage_Other_App,Usage_Others_Device,Usage_Others_Bundle,Usage_Others_Music
1,Others,3,1,0,0,0,0,0,0,0,0,0,0,0,3375,0,0,3375,0,0,0,0,0,0,0,0,0
2,Others,1,1,0,0,0,0,0,0,0,0,0,0,0,300027096,0,7268661,9984,292642266,0,0,0,106185,0,0,0,0
3,Productivity_App,1,0,1,0,0,0,0,0,0,0,0,0,0,1558297,0,370781,1187516,0,0,0,0,0,0,0,0,0
4,Entertainment_App,13,0.923076923,0.384615385,0.461538462,0.230769231,0,0,0,0,0,0,0,0,46524503,0,11070747,12021833,9609,0,0,0,23422314,0,0,0,0
5,Others,18,0.5,0.222222222,0,0,0.277777778,0,0,0,0,0,0,0,589592,0,587733,1859,0,0,0,0,0,0,0,0,0
6,Entertainment_App,4,0.25,0,0.75,0,0,0,0,0,0,0,0,0,2673736,0,2356813,316923,0,0,0,0,0,0,0,0,0
7,Others,3,1,0,0.333333333,0,0,0,0,0,0,0,0,0,7923547,0,0,7923547,0,0,0,0,0,0,0,0,0
8,Others,8,0.875,0.125,0,0,0,0,0,0,0,0,0,0,44891,0,44891,0,0,0,0,0,0,0,0,0,0
9,Others,8,0.875,0.25,0.125,0,0,0,0,0,0,0,0,0,13638387,0,384296,13175545,78546,0,0,0,0,0,0,0,0
10,Others,8,0.875,0.125,0,0,0,0,0,0,0,0,0,0,2121341,0,32655,19031,0,0,0,2069655,0,0,0,0,0
11,Productivity_App,1,0,1,0,0,0,0,0,0,0,0,0,0,14013615,0,14013599,16,0,0,0,0,0,0,0,0,0
12,Others,25,1,0.04,0.08,0.04,0.68,0,0,0,0,0,0,0,13471655,0,2433859,603792,0,10434004,0,0,0,0,0,0,0
13,Others,5,0.6,0.4,0,0,0,0,0,0,0,0,0,0,59578832,0,1149874,2016,0,0,0,56115664,2311278,0,0,0,0
14,Others,23,0.869565217,0.086956522,0.086956522,0.304347826,0.043478261,0,0,0,0,0,0,0,76684790,0,14174728,6441016,56001811,0,0,0,67235,0,0,0,0
15,Others,12,1,0.166666667,0.083333333,0,0,0,0,0,0,0,0,0,5125815,0,391421,1059501,3674893,0,0,0,0,0,0,0,0
16,Others_Pass,3,0.666666667,1,0,0,0,0,0,0,0,0,0,0,81602704,0,5664936,75937768,0,0,0,0,0,0,0,0,0
17,Productivity_App,2,1,0,0,0,0,0,0,0,0,0,0,0,4788982,0,136468,308405,4344109,0,0,0,0,0,0,0,0
18,Others,9,0.222222222,0,0,0.777777778,0,0,0,0,0,0,0,0,296335367,0,1337970,29735356,265262041,0,0,0,0,0,0,0,0
19,Others,13,1,0,0,0,0,0,0,0,0,0,0,0,17266466,0,124844,17141622,0,0,0,0,0,0,0,0,0
20,Others,11,0.818181818,0.090909091,0,0.363636364,0,0,0,0,0,0,0,0,6759972,0,232720,2794544,3732708,0,0,0,0,0,0,0,0
21,Productivity_App,26,0.769230769,0.076923077,0.307692308,0.230769231,0.038461538,0,0,0,0,0,0,0,4627544,0,591044,4030203,0,0,0,4563,1734,0,0,0,0
22,Others,1,0,0,1,0,0,0,0,0,0,0,0,0,301311,0,189233,112078,0,0,0,0,0,0,0,0,0
23,Others,1,1,0,0,0,0,0,0,0,0,0,0,0,21936909,0,199300,208109,21509469,0,0,0,20031,0,0,0,0
24,Entertainment_App,11,0.090909091,0.090909091,0.909090909,0,0,0,0,0,0,0,0,0,2358049,0,0,2358049,0,0,0,0,0,0,0,0,0
25,Others,5,1,0,0,0.2,0.2,0,0,0,0,0,0,0,1139390,0,136202,987204,0,0,0,0,15984,0,0,0,0
26,Others,11,0.090909091,0.363636364,0,0.454545455,0,0,0.181818182,0,0,0,0,0,72498752,0,14237203,19683657,38577892,0,0,0,0,0,0,0,0
27,Entertainment_App,12,0.75,0.333333333,0.25,0.083333333,0,0,0,0,0,0,0,0,5087931,0,5087931,0,0,0,0,0,0,0,0,0,0
28,Others,17,0.941176471,0.058823529,0.117647059,0,0,0,0,0,0.058823529,0,0,0,186084141,0,2105233,183978908,0,0,0,0,0,0,0,0,0
29,Others,38,1,0,0.657894737,0.105263158,0.026315789,0,0,0,0,0,0,0,1759927,0,1648989,110938,0,0,0,0,0,0,0,0,0
30,Others,11,0.727272727,0.090909091,0.090909091,0.454545455,0.090909091,0,0,0.090909091,0,0,0,0,18425732,0,11970,17875404,355359,0,0,182999,0,0,0,0,0
31,Others,4,1,0,0,0,0,0,0,0,0,0,0,0,450828,0,318564,132264,0,0,0,0,0,0,0,0,0
32,Others,75,0.973333333,0.213333333,0.12,0.36,0.106666667,0,0.013333333,0.026666667,0.053333333,0,0,0,15902607,0,1831001,9940498,4131108,0,0,0,0,0,0,0,0
33,Others,16,1,0,0,0,0,0,0,0,0,0,0,0,1240452,0,1240452,0,0,0,0,0,0,0,0,0,0
34,Others,1,1,0,0,0,1,0,0,0,0,0,0,0,42141,0,0,42141,0,0,0,0,0,0,0,0,0
35,Others,2,1,0.5,0,0,0,0,0,0,0,0,0,0,159684415,0,2344060,157076761,0,0,0,0,263594,0,0,0,0
36,Casual_game,11,0.545454545,0,0.454545455,0.181818182,0,0,0,0,0,0,0,0,2711427,0,330068,2381359,0,0,0,0,0,0,0,0,0
37,Others,6,1,0.333333333,0.166666667,0,0.333333333,0,0,0,0,0,0,0,8386880,0,1763594,5036315,0,0,0,1586971,0,0,0,0,0
38,Entertainment_App,21,0.714285714,0.047619048,0.476190476,0.285714286,0.095238095,0,0,0,0,0,0,0,52938010,0,652563,3716338,317890,48225516,0,0,25703,0,0,0,0
39,Others,1,1,0,0,0,0,0,0,0,0,0,0,0,274814,0,274611,203,0,0,0,0,0,0,0,0,0
40,Productivity_App,2,0.5,0,0.5,0,0,0,0,0,0,0,0,0,1843049,0,127406,1633017,82626,0,0,0,0,0,0,0,0
41,Others,1,1,0,1,0,0,0,0,0,0,0,0,0,5835480,0,5835480,0,0,0,0,0,0,0,0,0,0
42,Others,4,1,0,0,0,0,0,0,0,0,0,0,0,74717939,0,220093,4907,74492939,0,0,0,0,0,0,0,0
43,Casual_game,43,0.906976744,0.11627907,0,0.651162791,0.093023256,0,0,0,0,0,0,0,303588310,0,7948031,33843770,261796509,0,0,0,0,0,0,0,0
44,Others,2,1,0,0,0,0,0,0,0,0,0,0,0,345018,0,340237,4781,0,0,0,0,0,0,0,0,0
45,Others,19,0.789473684,0,0.157894737,0.105263158,0.157894737,0,0,0,0,0,0,0,465998,0,2328,463670,0,0,0,0,0,0,0,0,0
46,Others,8,1,0,0.125,0,0,0,0,0,0,0,0,0,212219120,0,33413041,177320472,0,0,0,1455639,29968,0,0,0,0
47,Casual_game,14,0.785714286,0,0.214285714,0.142857143,0,0,0,0,0,0,0,0,45719301,0,1796130,444623,43478548,0,0,0,0,0,0,0,0
48,Others,1,0,0,0,1,0,0,0,0,0,0,0,0,51094,0,0,9423,41671,0,0,0,0,0,0,0,0
49,Others,14,0.857142857,0,0.071428571,0,0,0,0,0,0.071428571,0,0,0,46170179,0,2744375,10018942,33406862,0,0,0,0,0,0,0,0
50,Others,10,0.6,0,0.1,0.3,0.3,0,0,0,0,0,0,0,26591549,0,141859,26443221,6469,0,0,0,0,0,0,0,0
51,Casual_game,5,1,0.2,0,0.4,0,0,0,0,0,0,0,0,150824945,0,0,150824945,0,0,0,0,0,0,0,0,0
52,Others,5,1,0,0,0,0,0,0,0,0,0,0,0,55056066,0,1454011,10125,53591930,0,0,0,0,0,0,0,0
53,Others,9,0.666666667,0.222222222,0.777777778,0,0,0,0,0,0,0,0,0,5812,0,5812,0,0,0,0,0,0,0,0,0,0
54,Others,2,0,1,0,0,0,0,0,0,0,0,0,0,1213373,0,1213373,0,0,0,0,0,0,0,0,0,0
55,Entertainment_App,6,0.666666667,0.5,0,0.166666667,0,0,0,0,0,0,0,0,47585189,0,2461170,447236,38855456,0,0,0,5821327,0,0,0,0
56,Others,8,1,0,0,0,0,0,0,0,0,0,0,0,1839246,0,1783496,55750,0,0,0,0,0,0,0,0,0
57,Entertainment_App,1,1,0,0,0,0,0,0,0,0,0,0,0,1636892,0,210827,0,0,0,0,1426065,0,0,0,0,0
58,Others,51,0.823529412,0.058823529,0,0.215686275,0.156862745,0,0,0.058823529,0,0,0,0,2987321,0,205766,1719023,0,1062532,0,0,0,0,0,0,0
59,Others,8,0.625,0,0.375,0,0,0,0,0,0,0,0,0,104008811,0,650880,92171445,0,0,0,11121907,64579,0,0,0,0
60,Productivity_App,2,0.5,0.5,0,0,0,0,0,0,0,0,0,0,8750,0,8750,0,0,0,0,0,0,0,0,0,0
61,Others,3,1,0,0,0,0,0,0,0,0,0,0,0,662375,0,591750,69125,0,0,0,0,1500,0,0,0,0
62,Others,38,1,0.184210526,0,0.078947368,0,0,0.026315789,0,0,0.026315789,0,0,306404,0,0,306404,0,0,0,0,0,0,0,0,0
63,Others,7,0.571428571,0,0,0.714285714,0,0,0,0,0,0,0,0,19817030,0,85564,0,19731466,0,0,0,0,0,0,0,0
64,Others,1,0,0,1,0,0,0,0,0,0,0,0,0,3601478,0,212934,3388544,0,0,0,0,0,0,0,0,0
65,Others,5,0.8,0,0.2,0,0,0,0,0,0,0,0,0,870670,0,740137,130533,0,0,0,0,0,0,0,0,0
66,Others,11,1,0,0,0,0,0,0,0,0,0,0,0,2810641,0,1281,2809360,0,0,0,0,0,0,0,0,0
67,Entertainment_App,7,1,0,0,0,0,0,0,0,0,0,0,0,30312030,0,4751,30307279,0,0,0,0,0,0,0,0,0
68,Others,6,1,0.166666667,0,0.166666667,0.666666667,0,0,0,0,0,0,0,10030857,0,10657,616642,9338964,64594,0,0,0,0,0,0,0
69,Others,18,0.944444444,0,0,0.055555556,0.222222222,0,0.166666667,0,0,0,0,0,22035,0,19690,2345,0,0,0,0,0,0,0,0,0
70,Productivity_App,11,0.727272727,0.181818182,0.181818182,0,0,0,0.090909091,0,0,0,0,0,10876766,0,3880051,6764561,0,0,0,0,232154,0,0,0,0
71,Others,55,0.818181818,0.072727273,0.090909091,0.145454545,0.618181818,0.018181818,0.072727273,0,0,0,0,0,13107546,0,487544,3091159,0,9528843,0,0,0,0,0,0,0
72,Others,27,1,0,0,0.111111111,0.851851852,0,0,0,0,0,0,0,2118365,0,129732,218317,0,1520907,0,0,249409,0,0,0,0
73,Others,6,0.833333333,0.166666667,0,0,0,0,0,0,0,0,0,0,85603312,0,23593,45186,0,0,0,31903020,53631513,0,0,0,0
74,Productivity_App,10,1,0.2,0.2,0.3,0,0,0,0,0,0,0,0,12916735,0,9687952,3228783,0,0,0,0,0,0,0,0,0
75,Others,1,0,0,1,0,0,0,0,0,0,0,0,0,597279,0,37545,559734,0,0,0,0,0,0,0,0,0
76,Core_game,2,0.5,0.5,0,0.5,0,0,0,0,0,0,0,0,222592,0,222592,0,0,0,0,0,0,0,0,0,0
77,Others,2,1,0,0.5,0.5,0.5,0,0,0,0,0,0,0,23213196,0,82268,23130928,0,0,0,0,0,0,0,0,0
78,Others,5,1,0,0,0,0,0,0,0,0,0,0,0,18771125,0,10676060,79954,958955,7056156,0,0,0,0,0,0,0
79,Others,4,1,0.5,0.75,0,0,0.25,0,0,0,0,0,0,3157351,0,619209,2332018,0,0,0,0,206124,0,0,0,0
80,Core_game,5,0,0.2,0,0.2,0.6,0,0,0,0,0,0,0,8407297,0,155906,1140858,0,7110533,0,0,0,0,0,0,0
81,Others,5,1,0,0.2,0,0,0,0,0,0,0,0,0,6784877,0,2894458,3890419,0,0,0,0,0,0,0,0,0
82,Others_Operating System,7,0.857142857,0.142857143,0.428571429,0.142857143,0.142857143,0,0,0,0,0,0,0,121595,0,51126,70469,0,0,0,0,0,0,0,0,0
83,Productivity_App,3,0.333333333,0.333333333,0.333333333,0,0,0,0,0,0,0,0,0,2044985,0,1925751,119234,0,0,0,0,0,0,0,0,0
84,Others,1,1,0,1,0,0,0,0,0,0,0,0,0,306111,0,0,306111,0,0,0,0,0,0,0,0,0
85,Others,5,1,0,0,0,0,0,0,0,0,0,0,0,81844,0,75423,6421,0,0,0,0,0,0,0,0,0
86,Entertainment_App,3,1,0,0,0.333333333,0,0,0,0,0,0,0,0,1494213,0,574415,919798,0,0,0,0,0,0,0,0,0
87,Others,13,1,0,0,0.307692308,0,0,0,0.076923077,0,0,0,0,106674178,0,2959014,89270644,14444520,0,0,0,0,0,0,0,0
88,Others,7,0.714285714,0.428571429,0.142857143,0,0,0,0,0,0.142857143,0,0,0,17846893,0,17075190,771703,0,0,0,0,0,0,0,0,0
89,Others,3,1,0.333333333,0,0,0.333333333,0,0,0,0,0,0,0,621361,0,0,621361,0,0,0,0,0,0,0,0,0
90,Productivity_App,2,0.5,0.5,0,0,0,0,0,0,0,0,0,0,12671794,0,10119388,5062,2547344,0,0,0,0,0,0,0,0
91,Casual_game,17,1,0.117647059,0.058823529,0.235294118,0.411764706,0,0,0,0,0,0,0,71477577,0,700375,14840788,0,55660946,0,0,275468,0,0,0,0
92,Others,4,0.75,0.25,0,0.25,0,0,0,0,0,0,0,0,28971464,0,41422,27995245,934797,0,0,0,0,0,0,0,0
93,Productivity_App,1,1,0,0,0,0,0,0,0,0,0,0,0,1208733,0,809890,203,0,0,0,0,398640,0,0,0,0
94,Others,1,1,0,0,0,0,0,0,0,0,0,0,0,389638,0,0,108,0,0,0,0,389530,0,0,0,0
95,Others_Pass,12,0.833333333,0,0,0.416666667,0.166666667,0,0,0,0,0.416666667,0,0,6682715,0,96345,4093215,2085796,407359,0,0,0,0,0,0,0
96,Productivity_App,3,0.333333333,0,1,0,0,0,0,0,0,0,0,0,6418348,0,5193739,1224609,0,0,0,0,0,0,0,0,0
97,Others,1,1,1,0,0,0,0,0,0,0,0,0,0,437,0,0,437,0,0,0,0,0,0,0,0,0
98,Core_game,2,0.5,0,0,0,0.5,0,0,0,0,0,0,0,10435,0,9968,467,0,0,0,0,0,0,0,0,0
99,Others,1,1,0,0,0,0,0,0,0,0,0,0,0,1469,0,0,1469,0,0,0,0,0,0,0,0,0
100,Others,9,1,0.111111111,0.333333333,0.111111111,0,0,0,0.333333333,0,0,0,0,179750,0,0,179750,0,0,0,0,0,0,0,0,0
101,Others,4,1,0,0,0,0,0,0,0,0,0,0,0,61360,0,0,61360,0,0,0,0,0,0,0,0,0
102,Others,2,1,0,0,0,0,0,0,0,0,0,0,0,4250,0,4250,0,0,0,0,0,0,0,0,0,0
103,Casual_game,3,0.666666667,0.666666667,0.333333333,0.333333333,0.666666667,0,0,0,0,0,0,0,34059128,0,498784,6548,0,0,0,33553796,0,0,0,0,0
104,Others,3,0.333333333,0,0.333333333,0,0.333333333,0,0,0,0,0,0,0,2885959,0,1730771,980157,1516,0,0,173515,0,0,0,0,0
105,Others,1,1,0,0,0,0,0,0,0,0,0,0,0,5187,0,5187,0,0,0,0,0,0,0,0,0,0
106,Others,2,1,0,0,0,0,0,0,0,0,0,0,0,609719,0,0,609719,0,0,0,0,0,0,0,0,0
107,Others,2,1,0,0,0,0,0,0,0,0,0,0,0,1637221,0,1626643,10578,0,0,0,0,0,0,0,0,0
108,Others,1,0,0,0,1,0,0,0,0,0,0,0,0,1903813,0,0,1344,1902469,0,0,0,0,0,0,0,0
109,Entertainment_App,4,0.75,0.25,0.5,0.25,0,0,0.25,0,0,0,0,0,1743740,0,331813,1223008,0,0,0,188919,0,0,0,0,0
110,Others,19,0.631578947,0.210526316,0.157894737,0.105263158,0.052631579,0,0,0,0.052631579,0,0,0,94487699,0,1816738,40921706,1828516,49659942,0,0,260797,0,0,0,0
111,Entertainment_App,4,0.25,0.25,0.75,0,0,0,0,0,0,0,0,0,4942140,0,645860,3871780,424500,0,0,0,0,0,0,0,0
112,Others,6,1,0,0,0.333333333,0.166666667,0,0.166666667,0,0,0,0,0,12605812,0,21406,212234,12333267,0,0,0,38905,0,0,0,0
113,Others,1,1,0,0,0,0,0,0,0,0,0,0,0,468281,0,468281,0,0,0,0,0,0,0,0,0,0
114,Others,3,1,0,0,0,0,0,0,0,0,0,0,0,5188,0,0,5188,0,0,0,0,0,0,0,0,0
115,Others,1,0,0,1,0,0,0,0,0,0,0,0,0,38265,0,38265,0,0,0,0,0,0,0,0,0,0
116,Others,1,0,0,0,1,0,0,0,0,0,0,0,0,1921781,0,0,0,1921781,0,0,0,0,0,0,0,0
117,Others,2,1,0.5,0,0,0,0,0,0,0,0,0,0,2608718,0,2052139,81735,0,0,0,0,474844,0,0,0,0
118,Others,3,0.666666667,0,0.333333333,0,0,0,0,0,0,0,0,0,113031210,0,110125,110413194,2507891,0,0,0,0,0,0,0,0
119,Others,30,0.933333333,0.066666667,0.233333333,0.066666667,0.066666667,0,0,0,0.033333333,0.033333333,0,0,6947182,0,269469,6415104,0,0,0,0,262609,0,0,0,0
120,Others,2,1,0,0.5,0,0,0,0,0,0,0,0,0,1370405,0,258734,1111671,0,0,0,0,0,0,0,0,0
121,Others,14,0.857142857,0.071428571,0.142857143,0.214285714,0.142857143,0,0,0,0,0.071428571,0,0,19840032,0,210265,4568143,14146908,311436,0,0,603280,0,0,0,0
122,Core_game,18,0.722222222,0.166666667,0.388888889,0.055555556,0.222222222,0,0,0,0,0,0,0,8637482,0,360407,5310404,54187,2883627,0,0,28857,0,0,0,0
123,Entertainment_App,7,0.571428571,0.571428571,0.285714286,0,0.142857143,0,0,0,0,0,0,0,37679537,0,150501,30939910,6589126,0,0,0,0,0,0,0,0
124,Entertainment_App,8,0.5,0.375,0.375,0,0,0,0,0,0,0,0,0,9373756,0,2378252,6995504,0,0,0,0,0,0,0,0,0
125,Others,2,0.5,0,0.5,0,0,0,0,0,0,0,0,0,5014284,0,339907,4674377,0,0,0,0,0,0,0,0,0
126,Productivity_App,3,0.666666667,0,1,0.333333333,0,0,0,0,0,0,0,0,1188916,0,3344,1185572,0,0,0,0,0,0,0,0,0
127,Others,24,0.875,0,0.166666667,0.208333333,0,0,0,0,0,0.041666667,0,0,23960561,0,493157,516485,22950919,0,0,0,0,0,0,0,0
128,Others,5,1,0,0,0,0,0,0,0,0,0,0,0,5711067,0,5661347,32423,0,0,0,0,17297,0,0,0,0
129,Others,10,0.9,0,0.1,0,0,0,0,0,0,0,0,0,101795,0,83594,18201,0,0,0,0,0,0,0,0,0
130,Others,9,0.444444444,0.444444444,0.444444444,0,0,0,0,0,0,0,0,0,2921890,0,1598001,437436,0,0,0,0,886453,0,0,0,0
131,Others,2,1,0.5,0,0,0,0,0,0,0,0,0,0,11180069,0,6492840,4093434,0,0,0,74500,519295,0,0,0,0
132,Productivity_App,2,0,1,0,0,0,0,0,0,0,0,0,0,16582894,0,1821049,14761845,0,0,0,0,0,0,0,0,0
133,Productivity_App,2,1,0.5,1,0.5,0,0,0,0,0,0,0,0,761876,0,91017,670859,0,0,0,0,0,0,0,0,0
134,Others,5,1,0.2,0,0.4,0,0,0,0,0,0,0,0,11393078,0,216234,153422,11023422,0,0,0,0,0,0,0,0
135,Others,7,0.428571429,0,0,0.285714286,0.428571429,0,0,0,0,0,0,0,2087403,0,39905,123359,0,0,0,1924139,0,0,0,0,0
136,Others,3,0.666666667,0,0.333333333,0,0,0,0,0,0,0,0,0,1420874,0,173280,1247594,0,0,0,0,0,0,0,0,0
137,Casual_game,6,0.333333333,0.666666667,0,0.166666667,0,0,0,0,0,0,0,0,25250,0,0,25250,0,0,0,0,0,0,0,0,0
138,Others,1,0,1,0,0,0,0,0,0,0,0,0,0,320779,0,320779,0,0,0,0,0,0,0,0,0,0
139,Others,18,1,0,0,0,0,0,0,0,0,0,0,0,289419,0,231500,34091,0,0,0,0,23828,0,0,0,0
140,Others,1,1,0,0,0,0,0,0,0,0,0,0,0,161028,0,161028,0,0,0,0,0,0,0,0,0,0
141,Others,6,1,0,0,0,0,0,0,0,0,0,0,0,93703,0,50593,43110,0,0,0,0,0,0,0,0,0
142,Others,2,1,0,0,0,0,0,0,0,0,0,0,0,6326140,0,6326140,0,0,0,0,0,0,0,0,0,0
143,Others,6,0.5,0,0.333333333,0.166666667,0,0,0,0,0,0,0,0,45005650,0,187355,44748748,0,0,0,0,69547,0,0,0,0
144,Others,1,1,0,0,0,0,0,0,0,0,0,0,0,1110851,0,0,1110851,0,0,0,0,0,0,0,0,0
145,Others,1,0,1,0,0,0,0,0,0,0,0,0,0,26329,0,26329,0,0,0,0,0,0,0,0,0,0
146,Others,4,1,0.25,0.5,0,0,0,0,0,0,0,0,0,46226477,0,49766,46176711,0,0,0,0,0,0,0,0,0
147,Casual_game,2,1,0,0.5,0,0,0,0,0,0,0,0,0,9120935,0,3128890,5992045,0,0,0,0,0,0,0,0,0
148,Others,4,0.75,0,0,0.5,0.25,0,0,0,0,0,0,0,95100383,0,0,95100383,0,0,0,0,0,0,0,0,0
149,Others,3,1,0,0,0,0,0,0,0,0,0,0,0,1060654,0,1049233,2953,0,0,0,0,8468,0,0,0,0
150,Others,1,0,0,1,0,0,0,0,0,0,0,0,0,540311,0,394297,85717,0,0,0,27656,32641,0,0,0,0
151,Others,11,0.909090909,0.363636364,0.090909091,0,0,0,0,0,0,0,0,0,2061625,0,387407,1674218,0,0,0,0,0,0,0,0,0
152,Others,2,0.5,0.5,0.5,0.5,0,0,0,0,0,0,0,0,15210731,0,8738682,94860,0,0,0,6372174,5015,0,0,0,0
153,Productivity_App,2,0.5,0,0,0.5,0,0,0,0,0,0,0,0,4587062,0,972734,3614328,0,0,0,0,0,0,0,0,0
154,Others,32,0.78125,0.15625,0.15625,0.25,0.03125,0.03125,0,0,0,0,0,0,3403748,0,178265,3205905,0,0,0,19578,0,0,0,0,0
155,Others,4,0.5,0.25,0.5,0,0,0,0,0,0,0,0,0,643672,0,643531,141,0,0,0,0,0,0,0,0,0
156,Others,22,1,0,0,0,0,0,0,0,0,0,0,0,989354,0,963122,26232,0,0,0,0,0,0,0,0,0
157,Others,5,1,0,0.2,0.6,0.4,0,0,0.2,0,0,0,0,48133335,0,0,48000585,132750,0,0,0,0,0,0,0,0
158,Others,9,1,0,0.444444444,0.222222222,0.333333333,0,0,0,0,0,0,0,7370395,0,1101810,6268585,0,0,0,0,0,0,0,0,0
159,Others,2,1,0.5,0,0.5,0,0,0,0,0,0,0,0,232892424,0,0,232309892,582532,0,0,0,0,0,0,0,0
160,Others,18,1,0.055555556,0.166666667,0.444444444,0.166666667,0,0,0,0,0,0,0,2407,0,2407,0,0,0,0,0,0,0,0,0,0
161,Productivity_App,2,0.5,0,0,0,0,0,1,0,0,0,0,0,250812,0,114407,136405,0,0,0,0,0,0,0,0,0
162,Others,20,0.8,0.05,0.25,0,0.3,0,0,0,0.05,0,0,0,12227628,0,242283,1644983,0,10172457,0,0,167905,0,0,0,0
163,Others,6,0.833333333,0.166666667,0.333333333,0.166666667,0,0,0,0,0,0,0,0,8108693,0,1207956,25907,6576954,0,0,0,297876,0,0,0,0
164,Others,19,0.947368421,0.052631579,0.473684211,0.105263158,0,0,0,0,0,0,0,0,14564025,0,5186519,9377506,0,0,0,0,0,0,0,0,0
165,Casual_game,23,0.956521739,0.043478261,0.043478261,0.869565217,0.043478261,0,0,0,0,0,0,0,233720,0,0,233720,0,0,0,0,0,0,0,0,0
166,Others,2,1,0.5,0.5,0,0,0,0,0,0,0,0,0,1326142,0,73547,1252595,0,0,0,0,0,0,0,0,0
167,Productivity_App,4,0.75,0,0.25,0,0.5,0,0,0,0,0,0,0,110907,0,0,110907,0,0,0,0,0,0,0,0,0
168,Others,11,0.909090909,0.272727273,0.454545455,0,0,0,0,0,0.090909091,0,0,0,80371521,0,36610705,1294241,0,0,0,41921793,544782,0,0,0,0
169,Others,3,1,0,0.333333333,0,0,0,0,0,0,0,0,0,1968229,0,4797,1963432,0,0,0,0,0,0,0,0,0
170,Entertainment_App,1,1,0,0,0,0,0,0,0,0,0,0,0,507830,0,341579,0,0,0,0,0,166251,0,0,0,0
171,Others,10,0.7,0.1,0.3,0.2,0.3,0,0,0,0,0,0,0,12240939,0,0,12240939,0,0,0,0,0,0,0,0,0
172,Others,161,1,0.074534161,0.546583851,0,0,0,0,0,0,0,0,0,107139,0,0,3062,0,0,0,0,104077,0,0,0,0
173,Productivity_App,1,1,1,0,0,0,0,0,0,0,0,0,0,19389657,0,19389657,0,0,0,0,0,0,0,0,0,0
174,Others,9,0.888888889,0.111111111,0,0,0,0,0,0,0,0,0,0,5440544,0,3527580,1660669,0,0,0,0,252295,0,0,0,0
175,Others,35,0.828571429,0,0,0.942857143,0.028571429,0,0,0,0,0,0,0,88454530,0,141843,171358,88083797,0,0,57532,0,0,0,0,0
176,Others,5,0.8,0,0,0.8,0,0,0,0,0,0,0,0,906875,0,28969,173717,704189,0,0,0,0,0,0,0,0
177,Core_game,8,0.75,0,0,0.125,0.125,0.375,0,0,0,0,0,0,104015,0,13124,90891,0,0,0,0,0,0,0,0,0
178,Entertainment_App,5,0.8,0.2,0.2,0.2,0,0,0,0,0,0,0,0,1219267,0,1166595,52672,0,0,0,0,0,0,0,0,0
179,Others,63,0.507936508,0.587301587,0.444444444,0.015873016,0,0,0,0,0,0,0,0,1564965047,0,68985249,1495979798,0,0,0,0,0,0,0,0,0
180,Others,20,0.65,0,0.4,0,0,0,0,0,0,0,0,0,3093516,0,2999766,93750,0,0,0,0,0,0,0,0,0
181,Entertainment_App,4,1,0,0,0,0,0,0,0,0,0,0,0,99719,0,99719,0,0,0,0,0,0,0,0,0,0
182,Productivity_App,7,0.857142857,0,0.142857143,0,0.571428571,0,0,0,0,0,0,0,60594,0,0,60594,0,0,0,0,0,0,0,0,0
183,Others,8,1,0,0,0,0,0,0,0,0,0,0,0,781321470,0,23656,399943132,379321524,0,0,0,2033158,0,0,0,0
184,Productivity_App,7,0.714285714,0,0.428571429,0,0.142857143,0,0,0,0,0,0,0,9329189,0,9287331,41858,0,0,0,0,0,0,0,0,0
185,Others,2,0.5,1,0,0,0,0,0,0,0,0,0,0,4405204,0,4289110,116094,0,0,0,0,0,0,0,0,0
186,Others,45,0.955555556,0.155555556,0.044444444,0.288888889,0.155555556,0,0,0,0,0,0,0,145791158,0,27125,95360203,50398533,0,0,5297,0,0,0,0,0
187,Others,13,1,0.153846154,0,0.153846154,0,0,0,0,0,0,0,0,4615286,0,549254,4066032,0,0,0,0,0,0,0,0,0
188,Others,2,0.5,0.5,0,0,0,0,0,0,0,0,0,0,4477155,0,316404,2149624,2011127,0,0,0,0,0,0,0,0
189,Casual_game,14,0.928571429,0,0,0.214285714,0.071428571,0,0,0,0,0,0,0,14147896,0,93,2176614,11971189,0,0,0,0,0,0,0,0
190,Others,12,1,0.166666667,0.083333333,0.333333333,0,0,0,0,0,0,0,0,9125,0,0,9125,0,0,0,0,0,0,0,0,0
191,Others,6,1,0,0,0,0,0,0,0,0,0,0,0,85091,0,81295,3796,0,0,0,0,0,0,0,0,0
192,Others,8,0.5,0.25,0.5,0.375,0.125,0,0,0,0,0,0,0,10303329,0,1176746,9126583,0,0,0,0,0,0,0,0,0
193,Others,38,0.763157895,0.078947368,0.105263158,0.710526316,0.210526316,0,0,0.026315789,0,0,0,0,114679964,0,53493168,5977478,22511291,32672370,0,0,25657,0,0,0,0
194,Others,3,1,0,0,0,0,0,0,0,0,0,0,0,8406,0,0,8406,0,0,0,0,0,0,0,0,0
195,Others,1,1,0,0,0,0,0,0,0,0,0,0,0,1549329,0,1549329,0,0,0,0,0,0,0,0,0,0
196,Others,2,1,0,0,0,0,0,0,0,0,0,0,0,4693280,0,4693280,0,0,0,0,0,0,0,0,0,0
197,Others,5,1,0.6,0.4,0,0.2,0,0,0.2,0,0,0,0,11110818,0,10282051,828767,0,0,0,0,0,0,0,0,0
198,Entertainment_App,1,0,1,0,0,0,0,0,0,0,0,0,0,863766,0,863766,0,0,0,0,0,0,0,0,0,0
199,Core_game,2,0,0.5,0.5,0,0.5,0,0,0,0,0,0,0,195937,0,195406,531,0,0,0,0,0,0,0,0,0
200,Others,3,1,0,0,0,0,0,0,0,0,0,0,0,740533,0,740517,16,0,0,0,0,0,0,0,0,0
201,Others,29,0.965517241,0.034482759,0,0.034482759,0,0,0,0,0,0,0,0,417719,0,94110,89063,234421,0,0,0,125,0,0,0,0
202,Core_game,32,0.9375,0.03125,0.15625,0.375,0.40625,0,0,0,0,0,0,0,56077712,0,57048,46167036,7869426,1984202,0,0,0,0,0,0,0
203,Core_game,4,1,0,0,0.25,0.25,0,0,0,0,0,0,0,20042873,0,0,3487470,0,16555403,0,0,0,0,0,0,0
204,Others,7,0.857142857,0.142857143,0,0,0.285714286,0,0,0,0,0,0,0,5122360,0,4097656,133780,0,0,0,0,890924,0,0,0,0
205,Others,14,0.857142857,0.071428571,0.142857143,0.071428571,0.142857143,0,0,0,0,0,0,0,4697784,0,84016,1023486,3590282,0,0,0,0,0,0,0,0
206,Others,4,0.75,0.25,0,0,0,0,0,0,0,0.25,0,0,1042876,0,1042720,156,0,0,0,0,0,0,0,0,0
207,MMTV,12,0.916666667,0,0.25,0.416666667,0,0,0,0,0,0,0,0,48596622,0,854751,6304593,41437278,0,0,0,0,0,0,0,0
208,Entertainment_App,2,1,0,0,0,0,0,0,0,0,0,0,0,31109,0,30437,672,0,0,0,0,0,0,0,0,0
209,Others,8,0.75,0.125,0.25,0,0,0,0,0,0,0,0,0,10971954,0,1024421,4353300,0,0,0,5594233,0,0,0,0,0
210,Core_game,1,1,0,0,0,0,0,0,0,0,0,0,0,1531250,0,1531188,62,0,0,0,0,0,0,0,0,0
211,Casual_game,14,0.928571429,0.142857143,0,0.5,0.071428571,0,0,0,0,0,0,0,379106,0,104515,267764,6827,0,0,0,0,0,0,0,0
212,Productivity_App,2,1,0.5,0,0,0,0,0,0,0,0,0,0,11961288,0,11915804,45484,0,0,0,0,0,0,0,0,0
213,Others,14,1,0,0,0,0,0,0,0,0,0,0,0,13870356,0,13529808,82674,108656,66640,0,0,82578,0,0,0,0
214,Others,2,0,0,0,1,0,0,0,0,0,0,0,0,47161579,0,15875,388407,45683000,0,0,0,1074297,0,0,0,0
215,Others,3,1,0,0,0,0,0,0,0,0,0,0,0,1178127,0,1178127,0,0,0,0,0,0,0,0,0,0
216,Others,6,1,0.166666667,0.333333333,0,0.5,0,0,0,0,0,0,0,2990442,0,525312,2430286,0,0,0,34844,0,0,0,0,0
217,Others,24,0.75,0,0.041666667,0.833333333,0,0,0,0,0,0,0,0,36588166,0,0,2616295,33971871,0,0,0,0,0,0,0,0
218,Others,1,1,0,0,0,0,0,0,0,0,0,0,0,268880748,0,5930703,4469,0,0,0,259938031,3007545,0,0,0,0
219,Others,18,0.611111111,0,0.111111111,0.277777778,0.333333333,0,0,0,0,0,0,0,7167140,0,148049,7019091,0,0,0,0,0,0,0,0,0
220,Others,12,0.75,0,0.166666667,0.25,0.166666667,0,0,0.333333333,0,0,0,0,30289190,0,2841096,17988330,669640,0,0,8748984,41140,0,0,0,0
221,Others,2,0.5,0.5,0,0,0,0,0,0,0,0,0,0,79345038,0,24896307,15,54398904,0,0,49812,0,0,0,0,0
222,Entertainment_App,1,0,0,0,0,1,0,0,0,0,0,0,0,33533236,0,156579,27859,33346798,0,0,0,2000,0,0,0,0
223,Others,15,0.933333333,0.066666667,0.4,0,0,0.066666667,0,0,0,0,0,0,6557534,0,39235,6500049,0,0,0,18250,0,0,0,0,0
224,Entertainment_App,7,1,0.142857143,0.857142857,0,0,0,0,0,0,0,0,0,309548,0,12250,297298,0,0,0,0,0,0,0,0,0
225,Others,14,0.928571429,0.5,0.214285714,0.071428571,0,0,0,0,0,0,0,0,65559346,0,11419690,47902750,4068470,0,0,0,2168436,0,0,0,0
226,Productivity_App,8,0.5,0.5,0.25,0,0,0,0,0,0,0,0,0,60666159,0,59731427,934732,0,0,0,0,0,0,0,0,0
227,Others,1,1,0,0,0,0,0,0,0,0,0,0,0,99172,0,0,99172,0,0,0,0,0,0,0,0,0
228,Others,4,1,0,0,0.25,0,0,0,0,0,0,0,0,40065367,0,280345,0,39785022,0,0,0,0,0,0,0,0
229,Others,65,0.830769231,0.046153846,0.061538462,0.061538462,0.4,0,0,0,0,0,0,0,36557844,0,1333826,697466,0,1387718,0,0,33138834,0,0,0,0
230,Productivity_App,1,1,0,0,0,0,0,0,0,0,0,0,0,27205657,0,1964796,3747437,0,0,0,21477893,15531,0,0,0,0
231,Others,14,0.571428571,0.071428571,0.214285714,0,0.071428571,0,0.428571429,0,0,0,0,0,14591996,0,5817248,8682060,92688,0,0,0,0,0,0,0,0
232,Others,6,0.666666667,0,0.166666667,0.166666667,0.166666667,0,0,0,0,0,0,0,1981141,0,624891,86610,0,1269640,0,0,0,0,0,0,0
233,Others,1,0,0,1,0,0,0,0,0,0,0,0,0,1217096,0,888438,302533,0,0,0,0,26125,0,0,0,0
234,Others,7,0.571428571,0,0.428571429,0.428571429,0,0,0,0,0,0,0,0,68194148,0,3377311,16614058,68656,0,0,48134123,0,0,0,0,0
235,Casual_game,7,1,0,0,0.285714286,0,0,0,0,0,0,0,0,9562,0,0,9562,0,0,0,0,0,0,0,0,0
236,Others,45,0.955555556,0.022222222,0.044444444,0.177777778,0.466666667,0,0.022222222,0.022222222,0,0.044444444,0,0,55415676,0,506130,6278981,2304798,45702689,0,0,623078,0,0,0,0
237,Others,9,0.888888889,0,0.111111111,0.111111111,0,0,0,0,0,0,0,0,321624,0,321624,0,0,0,0,0,0,0,0,0,0
238,Others,1,1,0,0,0,0,0,0,0,0,0,0,0,244168,0,69515,128561,0,0,0,0,46092,0,0,0,0
239,Others,15,1,0,0,0,0,0,0,0,0,0,0,0,17219,0,9734,7485,0,0,0,0,0,0,0,0,0
240,Entertainment_App,2,0,0.5,0.5,0,0,0,0,0,0,0,0,0,1369902,0,324500,1045402,0,0,0,0,0,0,0,0,0
241,Others,4,1,0.5,0,0,0,0,0,0,0,0,0,0,13443929,0,12045305,1306483,0,0,0,0,92141,0,0,0,0
242,Others,11,0.818181818,0.181818182,0,0.272727273,0.363636364,0,0,0,0,0,0,0,82705861,0,49470,4159721,0,78496670,0,0,0,0,0,0,0
243,Productivity_App,6,0.833333333,0,0.166666667,0,0,0,0,0,0,0,0,0,23173514,0,23119279,0,0,0,0,0,54235,0,0,0,0
244,Entertainment_App,5,0.6,0,0,0,0.4,0,0,0,0,0,0,0,67594,0,67594,0,0,0,0,0,0,0,0,0,0
245,Entertainment_App,9,0.555555556,0.111111111,0,0.888888889,0,0,0,0,0,0,0,0,180407,0,0,180407,0,0,0,0,0,0,0,0,0
246,Others,20,0.35,0,0,0,0.65,0,0,0,0,0,0,0,51085733,0,92172,202185,0,0,0,0,50791376,0,0,0,0
247,Casual_game,6,0.166666667,0.166666667,0,0.833333333,0,0,0,0,0,0,0,0,3681890,0,0,0,3681890,0,0,0,0,0,0,0,0
248,Others,3,0.666666667,0.333333333,0.333333333,0,0,0,0,0,0,0,0,0,682642,0,266125,416517,0,0,0,0,0,0,0,0,0
249,Others,8,0.75,0.125,0.625,0,0,0,0,0,0,0,0,0,100835452,0,412467,100422985,0,0,0,0,0,0,0,0,0
250,Others,11,0.636363636,0,0.272727273,0.090909091,0.090909091,0,0,0,0,0,0,0,88357791,0,10110,41624,88306057,0,0,0,0,0,0,0,0
251,Others,7,0.714285714,0,0.285714286,0.142857143,0,0,0,0,0,0,0,0,2593967,0,1669937,897857,0,0,0,0,26173,0,0,0,0
252,Others,1,1,0,0,0,0,0,0,0,0,0,0,0,484887,0,474450,10437,0,0,0,0,0,0,0,0,0
253,Others,13,0.923076923,0.076923077,0,0.153846154,0.307692308,0,0.153846154,0,0,0,0,0,9037187,0,59265,3432313,0,5545609,0,0,0,0,0,0,0
254,Others,10,0.8,0.8,0,0,0,0,0,0,0,0,0,0,10826601,0,9269853,1556748,0,0,0,0,0,0,0,0,0
255,Entertainment_App,2,0.5,0.5,0,0,0,0,0.5,0,0,0,0,0,1127841,0,759405,368436,0,0,0,0,0,0,0,0,0
256,Others,23,0.869565217,0,0.043478261,0.652173913,0,0,0,0,0,0,0,0,89968018,0,0,88219,89852533,27266,0,0,0,0,0,0,0
257,Others,15,1,0,0,0,0,0,0,0,0,0,0,0,4105794,0,3728212,377582,0,0,0,0,0,0,0,0,0
258,Productivity_App,30,0.833333333,0.133333333,0.033333333,0.266666667,0.3,0,0,0,0,0,0,0,172919914,0,1498438,833282,0,169869164,0,0,719030,0,0,0,0
259,Others,7,0.857142857,0.571428571,0.571428571,0.285714286,0,0,0,0,0,0,0,0,29348123,0,0,22741843,6606280,0,0,0,0,0,0,0,0
260,Others,1,1,0,0,0,0,0,0,0,0,0,0,0,136484,0,136484,0,0,0,0,0,0,0,0,0,0
261,Others,14,0.928571429,0.142857143,0.285714286,0.428571429,0,0,0,0,0,0,0,0,999639,0,453468,359235,0,0,0,186936,0,0,0,0,0
262,Others,3,1,0,0,0,0,0,0,0,0,0,0,0,1110,0,0,1110,0,0,0,0,0,0,0,0,0
263,Others,18,0.944444444,0,0.166666667,0.277777778,0,0,0,0,0,0,0,0,5053217,0,1883439,1984044,902297,0,0,0,283437,0,0,0,0
264,Entertainment_App,2,1,0,0,0,0,0,0,0,0,0,0,0,20103941,0,460000,19639504,0,0,0,0,4437,0,0,0,0
265,Casual_game,29,0.034482759,0,0,0.965517241,0,0,0,0,0,0,0,0,572173676,0,271719,1009368,570892589,0,0,0,0,0,0,0,0
266,Productivity_App,1,1,0,0,0,0,0,0,0,0,0,0,0,2690550,0,2690550,0,0,0,0,0,0,0,0,0,0
267,Others,1,1,0,0,0,0,0,0,0,0,0,0,0,123532,0,114360,9172,0,0,0,0,0,0,0,0,0
268,Others,10,0.9,0.4,0.7,0,0,0,0,0,0,0,0,0,3814858,0,2974781,717092,0,0,0,0,122985,0,0,0,0
269,Productivity_App,5,1,0.6,0,0,0,0,0,0,0,0,0,0,32640,0,32640,0,0,0,0,0,0,0,0,0,0
270,Productivity_App,1,0,0,1,0,0,0,0,0,0,0,0,0,496500,0,26345,470155,0,0,0,0,0,0,0,0,0
271,Others,2,0.5,0.5,0,0,0,0,0,0,0,0,0,0,58220,0,2141,56079,0,0,0,0,0,0,0,0,0
272,Entertainment_App,2,1,0,0,0,0,0,0,0,0,0,0,0,36022235,0,36022235,0,0,0,0,0,0,0,0,0,0
273,Productivity_App,9,0.555555556,0.111111111,0,0,0.777777778,0,0,0,0,0,0,0,5360004,0,334750,115879,0,0,0,0,4909375,0,0,0,0
274,Others,2,0.5,0.5,0,0,0,0,0,0,0,0,0,0,1687531,0,1654890,0,0,0,0,0,32641,0,0,0,0
275,Others,2,1,0,0,0,0,0,0,0,0,0,0,0,61293057,0,7826942,2016,0,0,0,53346443,117656,0,0,0,0
276,Others,9,1,0,0,0,0,0,0,0,0,0,0,0,1624687,0,1619296,5391,0,0,0,0,0,0,0,0,0
277,Others,76,0.894736842,0.039473684,0.052631579,0.684210526,0.171052632,0,0,0.052631579,0.013157895,0,0,0,149930538,0,1623762,67985444,80133582,0,0,0,187750,0,0,0,0
278,Others,6,0.833333333,0.166666667,0.5,0,0,0,0,0,0,0,0,0,311498,0,37828,273670,0,0,0,0,0,0,0,0,0
279,Others,4,1,0.5,0,0,0,0,0,0,0,0,0,0,34281,0,0,1234,0,0,0,0,33047,0,0,0,0
280,Others,1,1,0,0,0,0,0,0,0,0,0,0,0,260343,0,203687,5937,0,0,0,0,50719,0,0,0,0
281,Casual_game,17,0.882352941,0.058823529,0.117647059,0.470588235,0,0,0,0,0,0,0,0,78974579,0,389766,41690659,36894154,0,0,0,0,0,0,0,0
282,Others,12,0.833333333,0.083333333,0.333333333,0,0.166666667,0,0,0,0,0,0,0,27558573,0,19140,8438677,0,18638786,0,37298,424672,0,0,0,0
283,Others,1,0,1,0,0,0,0,0,0,0,0,0,0,35953,0,35953,0,0,0,0,0,0,0,0,0,0
284,Core_game,1,1,0,1,0,0,0,0,0,0,0,0,0,190109,0,0,153235,0,36874,0,0,0,0,0,0,0
285,Others,6,0.666666667,0,0.333333333,0,0.166666667,0,0,0,0.166666667,0,0,0,48938,0,0,48938,0,0,0,0,0,0,0,0,0
286,Others,6,0.666666667,0.5,0.166666667,0,0,0,0,0,0,0,0.166666667,0,1539379,0,883797,559784,0,0,0,0,95798,0,0,0,0
287,Others,8,0.625,0.375,0,0,0,0,0,0,0,0,0,0,12530608,0,1343,12529265,0,0,0,0,0,0,0,0,0
288,Others_Operating System,2,1,0,0,0,0,0,0,0,0,0,0,0,44219,0,15031,0,0,0,0,0,29188,0,0,0,0
289,Others,2,1,0,0,0,0,0,0,0,0,0,0,0,667750,0,0,0,0,0,0,0,667750,0,0,0,0
290,Others_Operating System,22,0.545454545,0,0,0.5,0.136363636,0,0,0.045454545,0,0,0,0,3899819,0,0,3601319,271672,26828,0,0,0,0,0,0,0
291,Others,4,1,0,0,0,0,0,0,0,0,0,0,0,4000,0,0,4000,0,0,0,0,0,0,0,0,0
292,Others,36,0.888888889,0.027777778,0,0.583333333,0.138888889,0,0,0,0,0,0,0,111003368,0,10499,2545810,95136997,13310062,0,0,0,0,0,0,0
293,Others,34,0.735294118,0.029411765,0.029411765,0.588235294,0.058823529,0.029411765,0.058823529,0,0,0.029411765,0.029411765,0,565547,0,1672,563875,0,0,0,0,0,0,0,0,0
294,Productivity_App,3,1,0,0,0,0,0,0,0,0,0,0,0,175405,0,98484,343,0,0,0,0,76578,0,0,0,0
295,MMTV,4,0.5,0,0.5,0,0,0,0,0,0,0,0,0,68162172,0,36312,68125860,0,0,0,0,0,0,0,0,0
296,Others,8,1,0.125,0,0.5,0,0,0,0,0,0,0,0,29485181,0,3224598,1776813,24357785,0,0,0,125985,0,0,0,0
297,Others,11,0.909090909,0.090909091,0,0,0,0,0,0,0,0,0,0,15984475,0,15796302,188173,0,0,0,0,0,0,0,0,0
298,Others,5,1,0,0,0,0,0,0,0,0,0,0,0,144515,0,6358,138157,0,0,0,0,0,0,0,0,0
299,Others,19,0.736842105,0.421052632,0.052631579,0.157894737,0,0,0,0,0.052631579,0,0,0,1955109,0,705266,664999,584844,0,0,0,0,0,0,0,0
300,Others,3,0.666666667,0.333333333,0,0,0,0,0,0,0,0,0,0,9323646,0,4019171,5288241,0,0,0,0,16234,0,0,0,0
301,Others,18,1,0,0.055555556,0.666666667,0.055555556,0,0,0,0,0,0,0,22986023,0,650547,514223,21821253,0,0,0,0,0,0,0,0
302,Others,4,0.5,0.25,0.5,0,0,0,0,0,0,0,0,0,13560480,0,4019836,9540644,0,0,0,0,0,0,0,0,0
303,Others,4,1,0,0,0.75,0,0,0,0,0,0,0,0,49828,0,0,49828,0,0,0,0,0,0,0,0,0
304,Others,34,0.911764706,0.588235294,0.117647059,0.029411765,0.088235294,0,0.058823529,0,0,0,0,0,37295450,0,462359,937730,0,0,0,0,35895361,0,0,0,0
305,Others,3,1,0,1,0,0,0,0,0,0,0,0,0,1569038,0,1152806,416232,0,0,0,0,0,0,0,0,0
306,Productivity_App,2,0,0.5,0,0.5,0,0,0,0,0,0,0,0,28510532,0,5943154,2687,0,0,0,22564691,0,0,0,0,0
307,Others,8,0.875,0.125,0.125,0.375,0.25,0,0,0,0,0,0,0,36920643,0,535328,4014127,23313125,9058063,0,0,0,0,0,0,0
308,Productivity_App,1,0,1,0,0,0,0,0,0,0,0,0,0,10671769,0,7258862,2974810,0,0,0,0,438097,0,0,0,0
309,Others,24,0.833333333,0.375,0.125,0.125,0.083333333,0,0,0,0.166666667,0,0,0,2815620,0,2107054,432861,233142,0,0,0,42563,0,0,0,0
310,Others,21,0.857142857,0.047619048,0.428571429,0.047619048,0.380952381,0,0,0.047619048,0,0,0,0,12919200,0,88250,11634995,0,0,0,0,1195955,0,0,0,0
311,Others,3,0.333333333,0,0,0.666666667,0,0,0,0,0,0,0,0,93851338,0,0,10869063,82982275,0,0,0,0,0,0,0,0
312,Others,6,1,0,0.666666667,0,0,0,0,0,0,0,0,0,24110816,0,1760001,4446252,17692985,0,0,211578,0,0,0,0,0
313,Others,1,1,1,0,0,0,0,0,0,0,0,0,0,340969,0,178422,96062,0,66485,0,0,0,0,0,0,0
314,Others,1,1,0,0,0,0,0,0,0,0,0,0,0,45029,0,45029,0,0,0,0,0,0,0,0,0,0
315,Others,8,0.875,0.375,0.5,0,0,0,0,0,0.125,0,0,0,12966312,0,4431754,7923700,586811,0,0,24047,0,0,0,0,0
316,Productivity_App,31,0.741935484,0.516129032,0.258064516,0.032258065,0,0,0,0,0,0,0,0,26554784,0,26289329,174424,0,0,0,0,91031,0,0,0,0
317,Others,3,1,0.666666667,0,0,0,0,0,0,0,0,0,0,74845412,0,73786670,1058742,0,0,0,0,0,0,0,0,0
318,Core_game,5,0.2,0.2,0,0.4,0.2,0,0,0,0,0,0,0,23875601,0,4531,23871070,0,0,0,0,0,0,0,0,0
319,Others,5,0.2,0.4,0.4,0,0,0,0,0,0,0,0,0,381156,0,378829,2327,0,0,0,0,0,0,0,0,0
320,Productivity_App,6,1,0,0,0,0,0,0,0,0,0,0,0,344780,0,309093,35687,0,0,0,0,0,0,0,0,0
321,Productivity_App,1,0,1,0,0,0,0,0,0,0,0,0,0,4342973,0,91753,0,4251220,0,0,0,0,0,0,0,0
322,Productivity_App,2,0,0,0.5,0,0,0.5,0,0,0,0,0,0,18952,0,18952,0,0,0,0,0,0,0,0,0,0
323,Productivity_App,11,0.272727273,0.727272727,0.363636364,0.090909091,0,0,0,0,0,0,0,0,146376,0,53376,93000,0,0,0,0,0,0,0,0,0
324,Core_game,6,0.666666667,0.166666667,0,0,0.5,0,0,0,0,0,0,0,668908,0,377438,32,0,291438,0,0,0,0,0,0,0
325,Productivity_App,4,0.75,0.25,0.25,0,0,0,0,0,0,0,0,0,12911516,0,10482345,253079,0,558859,0,0,1617233,0,0,0,0
326,Entertainment_App,3,1,0.333333333,0,0,0,0,0,0,0,0,0,0,6468936,0,1308142,3461264,0,0,0,1699530,0,0,0,0,0
327,Others,4,1,0,0,0.25,0.25,0,0,0,0,0,0,0,3250108,0,3165188,84920,0,0,0,0,0,0,0,0,0
328,Core_game,5,0,0.4,0.2,0.2,0.2,0,0,0,0,0,0,0,73538701,0,2261638,71277063,0,0,0,0,0,0,0,0,0
329,Productivity_App,4,0.25,0.5,0.5,0,0,0,0,0,0,0,0,0,721545421,0,24709806,696835615,0,0,0,0,0,0,0,0,0
330,Others,2,1,0,0,0,0,0,0,0,0,0,0,0,655095,0,0,0,0,0,0,0,655095,0,0,0,0
331,Others,1,1,1,0,0,0,0,0,0,0,0,0,0,8313,0,8313,0,0,0,0,0,0,0,0,0,0
332,Others,8,1,0.375,0,0.125,0,0,0,0,0,0,0,0,517856,0,3203,487576,0,0,0,0,27077,0,0,0,0
333,Others,49,1,0,0.06122449,0.408163265,0,0,0,0,0,0,0,0,24581108,0,166578,145077,24269453,0,0,0,0,0,0,0,0
334,Others,10,0.8,0.2,0,0.2,0.4,0,0.1,0.1,0,0,0,0,47767371,0,1750904,3931455,0,42085012,0,0,0,0,0,0,0
335,Others,5,1,0.6,0,0,0,0,0.4,0,0,0,0,0,249173654,0,16422,403282,248753950,0,0,0,0,0,0,0,0
336,Others,4,0.75,0,0.25,0,0,0,0,0,0,0,0,0,592407,0,7984,584423,0,0,0,0,0,0,0,0,0
337,Others,3,0.666666667,0,0,0.333333333,0,0,0,0,0,0,0,0,2543095,0,1609,11313,2530173,0,0,0,0,0,0,0,0
338,Others,1,1,0,0,0,0,0,0,0,0,0,0,0,253328,0,253078,250,0,0,0,0,0,0,0,0,0
339,Productivity_App,8,0.75,0,0.25,0.125,0,0,0,0,0,0,0,0,44016387,0,17620071,14911145,11485171,0,0,0,0,0,0,0,0
340,Others,1,0,1,0,0,0,0,0,0,0,0,0,0,9158,0,9031,127,0,0,0,0,0,0,0,0,0
341,Others,3,1,0,0.333333333,0,0,0,0,0,0,0,0,0,33922,0,0,33922,0,0,0,0,0,0,0,0,0
342,Others,6,0.5,0,0.166666667,0.166666667,0,0,0,0.333333333,0,0,0,0,567545,0,103562,463983,0,0,0,0,0,0,0,0,0
343,Others,19,0.736842105,0.578947368,0.052631579,0.210526316,0,0,0,0,0,0,0,0,1712373,0,0,585327,1127046,0,0,0,0,0,0,0,0
344,Others,5,0.6,0.2,0.2,0,0,0,0,0,0,0.2,0,0,27844,0,0,27844,0,0,0,0,0,0,0,0,0
345,Others,2,1,0,0,0,0,0,0,0,0,0,0,0,600689,0,587767,12922,0,0,0,0,0,0,0,0,0
346,Others,3,1,0.333333333,0.666666667,0,0,0,0,0,0,0,0,0,302329,0,0,302329,0,0,0,0,0,0,0,0,0
347,Others,10,0.8,0.2,0.1,0,0,0,0,0,0,0,0,0,105783898,0,7973284,97809426,1188,0,0,0,0,0,0,0,0
348,Others,1,1,0,0,0,0,0,0,0,0,0,0,0,15875,0,15875,0,0,0,0,0,0,0,0,0,0
349,Others,28,0.964285714,0,0,0.142857143,0.214285714,0,0,0,0,0,0,0,82280220,0,0,13920380,0,68359840,0,0,0,0,0,0,0
350,Others,11,0.636363636,0.363636364,0.090909091,0,0,0,0,0,0,0,0,0,569981,0,155577,414404,0,0,0,0,0,0,0,0,0
351,Casual_game,6,1,0.333333333,0.166666667,0,0,0,0.166666667,0,0,0,0,0,32442776,0,18682133,13745018,0,0,0,0,15625,0,0,0,0
352,Others,7,1,0,0,0.428571429,0.428571429,0,0,0,0,0,0,0,6791766,0,122672,6591719,0,0,0,0,77375,0,0,0,0
353,Others,11,0.727272727,0.363636364,0.363636364,0,0.090909091,0,0,0,0.090909091,0,0,0,38111447,0,353505,37744270,0,0,0,0,13672,0,0,0,0
354,Others,14,1,0.142857143,0.142857143,0.142857143,0.071428571,0,0,0,0,0,0,0,4037815,0,3440847,238688,358280,0,0,0,0,0,0,0,0
355,Others,81,0.987654321,0,0,0.012345679,0.012345679,0,0,0,0,0,0,0,53438,0,26859,26579,0,0,0,0,0,0,0,0,0
356,Others,5,1,0,0,0,0,0,0,0,0,0,0,0,1673257,0,1549069,83860,0,40328,0,0,0,0,0,0,0
357,Others,14,0.928571429,0.142857143,0,0.071428571,0.142857143,0,0.071428571,0,0,0,0,0,3324238,0,245111,1484001,0,1595126,0,0,0,0,0,0,0
358,Others,6,1,0,0.166666667,0.166666667,0,0,0,0,0,0,0,0,173879965,0,875112,172995666,9187,0,0,0,0,0,0,0,0
359,Others,1,1,0,0,0,0,0,0,0,0,0,0,0,297747,0,69124,210937,0,0,0,17686,0,0,0,0,0
360,Others,5,1,0,0.2,0,0,0,0,0,0,0,0,0,1143499,0,150765,992734,0,0,0,0,0,0,0,0,0
361,Others,3,0.666666667,0.666666667,0,0,0,0,0,0,0,0,0,0,164283911,0,405310,163878601,0,0,0,0,0,0,0,0,0
362,Others,7,1,0.142857143,0.142857143,0.285714286,0,0,0,0,0,0,0,0,2122689,0,0,1301798,820891,0,0,0,0,0,0,0,0
363,Entertainment_App,3,1,0,0,0,0,0,0,0,0,0,0,0,1141,0,0,1141,0,0,0,0,0,0,0,0,0
364,Casual_game,28,0.964285714,0,0,0.821428571,0.214285714,0,0,0,0,0,0,0,123665784,0,747795,1424849,113361061,8132079,0,0,0,0,0,0,0
365,Others_Pass,5,0.8,0.2,0.6,0,0,0,0,0,0,0,0,0,1895207,0,831640,1063567,0,0,0,0,0,0,0,0,0
366,Productivity_App,6,0.166666667,0.666666667,0,0.166666667,0,0,0,0,0,0,0,0,17625,0,0,17625,0,0,0,0,0,0,0,0,0
367,Others,2,0,0.5,0.5,0,0,0,0,0,0,0,0,0,512348,0,462439,14391,0,0,0,0,35518,0,0,0,0
368,Others,2,1,0,0,0,0,0,0,0,0,0,0,0,16923,0,0,16923,0,0,0,0,0,0,0,0,0
369,Others,2,0.5,0,0.5,0,0,0,0,0,0,0,0,0,3497328,0,0,3497328,0,0,0,0,0,0,0,0,0
370,Others,1,1,0,0,0,0,0,0,0,0,0,0,0,919668,0,919668,0,0,0,0,0,0,0,0,0,0
371,Others,13,0.769230769,0.384615385,0.153846154,0.230769231,0.076923077,0,0,0,0,0,0,0,5228410,0,4535768,692642,0,0,0,0,0,0,0,0,0
372,Others,21,0.571428571,0.761904762,0,0,0,0,0,0,0,0,0,0,2068174,0,1601254,466920,0,0,0,0,0,0,0,0,0
373,Others,1,1,0,0,0,0,0,0,0,0,0,0,0,183595,0,141985,41610,0,0,0,0,0,0,0,0,0
374,Others,3,0,0.666666667,0.333333333,0,0,0,0,0,0,0,0,0,2352282,0,150344,8187,0,0,0,0,2193751,0,0,0,0
375,Others,8,0.375,0.125,0,0,0.5,0,0,0,0,0,0,0,39489121,0,105266,39383855,0,0,0,0,0,0,0,0,0
376,Others,2,0.5,1,0.5,0,0,0,0,0,0,0,0,0,13438578,0,11999045,1439533,0,0,0,0,0,0,0,0,0
377,Others,14,0.785714286,0,0.285714286,0.357142857,0.357142857,0,0,0,0,0,0,0,11814844,0,5154892,5772124,0,0,0,887828,0,0,0,0,0
378,Entertainment_App,3,1,0,0,0,0,0,0,0,0,0,0,0,1443452,0,1443437,15,0,0,0,0,0,0,0,0,0
379,Productivity_App,3,1,0,0,0,0,0,0,0,0,0,0,0,1782580,0,1723815,58765,0,0,0,0,0,0,0,0,0
380,Others,12,0.75,0,0.083333333,0,0,0,0.166666667,0,0,0,0,0,351125,0,227406,123719,0,0,0,0,0,0,0,0,0
381,Others,4,1,0,0,0,0,0,0,0,0,0,0,0,1457206,0,721358,251,0,0,0,735597,0,0,0,0,0
382,Others,4,1,0.25,0.5,0,0,0,0,0,0,0,0,0,279999,0,191171,88828,0,0,0,0,0,0,0,0,0
383,Others,1,1,0,0,0,0,0,0,0,0,0,0,0,9513567,0,600081,8913486,0,0,0,0,0,0,0,0,0
384,Others,2,1,0.5,0,0,0,0,0,0,0,0,0,0,5266764,0,5059343,132156,53375,0,0,21890,0,0,0,0,0
385,Productivity_App,5,0.8,0.2,0,0.8,0,0,0,0,0,0,0,0,2447360,0,1844,141657,2303859,0,0,0,0,0,0,0,0
386,Others,15,0.933333333,0.066666667,0.066666667,0,0.4,0,0,0,0,0,0,0,41384989,0,67640,5471501,0,35845848,0,0,0,0,0,0,0
387,Others,3,1,0,0,0,0,0,0,0,0,0,0,0,8792969,0,239015,2832628,234436,4899452,0,0,587438,0,0,0,0
388,Others,7,1,0.142857143,0,0.285714286,0,0,0,0,0,0,0,0,133687,0,0,133687,0,0,0,0,0,0,0,0,0
389,Core_game,2,0.5,0,0,0.5,0,0,0,0,0,0,0,0,11052020,0,131749,1482237,0,9438034,0,0,0,0,0,0,0
390,Others,18,0.944444444,0.111111111,0,0.222222222,0.444444444,0,0.111111111,0.055555556,0,0,0.055555556,0,6884235,0,1110265,5763720,0,10250,0,0,0,0,0,0,0
391,Others,2,1,0,0.5,0,0,0,0,0,0,0,0,0,9924721,0,96106,9828615,0,0,0,0,0,0,0,0,0
392,Productivity_App,3,0.666666667,0,0.666666667,0.333333333,0,0,0,0.333333333,0,0,0,0,47413165,0,58421,47354744,0,0,0,0,0,0,0,0,0
